Molecular Function,Sample 1 Molecular Function Count,Sample 2 Molecular Function Count
http://purl.obolibrary.org/obo/GO_0005524,121192,139738
http://purl.obolibrary.org/obo/GO_0016887,24968,27494
http://purl.obolibrary.org/obo/GO_0004672,14376,15418
http://purl.obolibrary.org/obo/GO_0008484,11963,14321
http://purl.obolibrary.org/obo/GO_0016491,80492,88869
http://purl.obolibrary.org/obo/GO_0003824,67600,75167
http://purl.obolibrary.org/obo/GO_0005215,20705,22750
http://purl.obolibrary.org/obo/GO_0016787,28721,32656
http://purl.obolibrary.org/obo/GO_0030170,17477,18889
http://purl.obolibrary.org/obo/GO_0008483,6681,7367
http://purl.obolibrary.org/obo/GO_0016849,6369,5220
http://purl.obolibrary.org/obo/GO_0051536,11154,12477
http://purl.obolibrary.org/obo/GO_0005515,19544,19615
http://purl.obolibrary.org/obo/GO_0016705,8902,9980
http://purl.obolibrary.org/obo/GO_0050662,5631,6568
http://purl.obolibrary.org/obo/GO_0016627,10110,11572
http://purl.obolibrary.org/obo/GO_0003677,62233,74025
http://purl.obolibrary.org/obo/GO_0000155,5074,5364
http://purl.obolibrary.org/obo/GO_0008134,3577,4136
http://purl.obolibrary.org/obo/GO_0003676,10129,11578
http://purl.obolibrary.org/obo/GO_0050660,10359,11861
http://purl.obolibrary.org/obo/GO_0000166,18779,21663
http://purl.obolibrary.org/obo/GO_0004812,12140,14178
http://purl.obolibrary.org/obo/GO_0003995,3605,4176
http://purl.obolibrary.org/obo/GO_0005506,7161,8522
http://purl.obolibrary.org/obo/GO_0020037,10021,11520
http://purl.obolibrary.org/obo/GO_0004803,14796,20179
http://purl.obolibrary.org/obo/GO_0003700,12546,12844
http://purl.obolibrary.org/obo/GO_0016987,7130,7299
http://purl.obolibrary.org/obo/GO_0008168,9941,10815
http://purl.obolibrary.org/obo/GO_0016747,6405,7333
http://purl.obolibrary.org/obo/GO_0016779,4508,5086
http://purl.obolibrary.org/obo/GO_0030976,6299,6736
http://purl.obolibrary.org/obo/GO_0003840,2453,2746
http://purl.obolibrary.org/obo/GO_0004252,5525,6127
http://purl.obolibrary.org/obo/GO_0005525,9262,10563
http://purl.obolibrary.org/obo/GO_0015299,2260,2303
http://purl.obolibrary.org/obo/GO_0071949,2129,2359
http://purl.obolibrary.org/obo/GO_0016901,2199,2602
http://purl.obolibrary.org/obo/GO_0048038,3191,3563
http://purl.obolibrary.org/obo/GO_0016209,2480,2675
http://purl.obolibrary.org/obo/GO_0016616,7848,8632
http://purl.obolibrary.org/obo/GO_0051287,10528,11548
http://purl.obolibrary.org/obo/GO_0016810,3150,3475
http://purl.obolibrary.org/obo/GO_0051537,3012,3386
http://purl.obolibrary.org/obo/GO_0004872,3816,4540
http://purl.obolibrary.org/obo/GO_0004129,2206,2608
http://purl.obolibrary.org/obo/GO_0009055,8055,9065
http://purl.obolibrary.org/obo/GO_0004356,2659,2989
http://purl.obolibrary.org/obo/GO_0008658,2892,3156
http://purl.obolibrary.org/obo/GO_0008236,2903,3522
http://purl.obolibrary.org/obo/GO_0010181,3217,3476
http://purl.obolibrary.org/obo/GO_0008080,2832,3001
http://purl.obolibrary.org/obo/GO_0016866,1849,2148
http://purl.obolibrary.org/obo/GO_0031419,2857,3297
http://purl.obolibrary.org/obo/GO_0042626,2376,2699
http://purl.obolibrary.org/obo/GO_0005509,3333,3866
http://purl.obolibrary.org/obo/GO_0004066,1584,1885
http://purl.obolibrary.org/obo/GO_0016614,2228,2464
http://purl.obolibrary.org/obo/GO_0015930,2239,2304
http://purl.obolibrary.org/obo/GO_0016638,1854,1920
http://purl.obolibrary.org/obo/GO_0008519,1607,1943
http://purl.obolibrary.org/obo/GO_0008408,3219,3679
http://purl.obolibrary.org/obo/GO_0016765,2321,2599
http://purl.obolibrary.org/obo/GO_0003918,2683,3233
http://purl.obolibrary.org/obo/GO_0016876,2057,2450
http://purl.obolibrary.org/obo/GO_0004222,5446,6228
http://purl.obolibrary.org/obo/GO_0004375,1709,1986
http://purl.obolibrary.org/obo/GO_0043565,4319,4945
http://purl.obolibrary.org/obo/GO_0016746,3343,3709
http://purl.obolibrary.org/obo/GO_0004659,1414,1628
http://purl.obolibrary.org/obo/GO_0018580,1157,1365
http://purl.obolibrary.org/obo/GO_0016624,1518,1643
http://purl.obolibrary.org/obo/GO_0046912,1407,1540
http://purl.obolibrary.org/obo/GO_0015238,1165,1469
http://purl.obolibrary.org/obo/GO_0015297,1165,1469
http://purl.obolibrary.org/obo/GO_0004427,1518,1831
http://purl.obolibrary.org/obo/GO_0009678,1393,1698
http://purl.obolibrary.org/obo/GO_0000287,4767,5472
http://purl.obolibrary.org/obo/GO_0030246,1870,2410
http://purl.obolibrary.org/obo/GO_0003899,7899,9238
http://purl.obolibrary.org/obo/GO_0004871,2668,2731
http://purl.obolibrary.org/obo/GO_0008565,1463,1761
http://purl.obolibrary.org/obo/GO_0016829,4388,4660
http://purl.obolibrary.org/obo/GO_0015171,1193,1290
http://purl.obolibrary.org/obo/GO_0003723,9794,11602
http://purl.obolibrary.org/obo/GO_0009982,1927,2376
http://purl.obolibrary.org/obo/GO_0004813,1273,1470
http://purl.obolibrary.org/obo/GO_0003857,2109,2499
http://purl.obolibrary.org/obo/GO_0016772,1869,2175
http://purl.obolibrary.org/obo/GO_0046872,8522,9223
http://purl.obolibrary.org/obo/GO_0003916,2083,2473
http://purl.obolibrary.org/obo/GO_0000150,1736,1779
http://purl.obolibrary.org/obo/GO_0016742,1426,1552
http://purl.obolibrary.org/obo/GO_0016874,1970,2378
http://purl.obolibrary.org/obo/GO_0008170,1959,3286
http://purl.obolibrary.org/obo/GO_0016301,1746,1896
http://purl.obolibrary.org/obo/GO_0008237,2240,2569
http://purl.obolibrary.org/obo/GO_0008270,7638,8363
http://purl.obolibrary.org/obo/GO_0003755,1063,1214
http://purl.obolibrary.org/obo/GO_0016831,1978,2145
http://purl.obolibrary.org/obo/GO_0016740,3725,4170
http://purl.obolibrary.org/obo/GO_0003887,2078,2623
http://purl.obolibrary.org/obo/GO_0004616,1370,1379
http://purl.obolibrary.org/obo/GO_0008173,1420,1762
http://purl.obolibrary.org/obo/GO_0030151,1355,1488
http://purl.obolibrary.org/obo/GO_0004013,1027,1195
http://purl.obolibrary.org/obo/GO_0008146,1038,1223
http://purl.obolibrary.org/obo/GO_0016846,814,845
http://purl.obolibrary.org/obo/GO_0005328,818,926
http://purl.obolibrary.org/obo/GO_0015655,825,973
http://purl.obolibrary.org/obo/GO_0004176,1552,1932
http://purl.obolibrary.org/obo/GO_0004733,981,979
http://purl.obolibrary.org/obo/GO_0008324,2249,2527
http://purl.obolibrary.org/obo/GO_0004618,958,1011
http://purl.obolibrary.org/obo/GO_0017153,746,948
http://purl.obolibrary.org/obo/GO_0016708,791,914
http://purl.obolibrary.org/obo/GO_0017150,884,1035
http://purl.obolibrary.org/obo/GO_0004019,959,1091
http://purl.obolibrary.org/obo/GO_0016805,924,1082
http://purl.obolibrary.org/obo/GO_0003872,788,885
http://purl.obolibrary.org/obo/GO_0004719,926,962
http://purl.obolibrary.org/obo/GO_0004177,1420,1694
http://purl.obolibrary.org/obo/GO_0015035,1313,1399
http://purl.obolibrary.org/obo/GO_0008750,824,991
http://purl.obolibrary.org/obo/GO_0050661,2930,3219
http://purl.obolibrary.org/obo/GO_0004352,839,874
http://purl.obolibrary.org/obo/GO_0003747,822,1053
http://purl.obolibrary.org/obo/GO_0008641,848,904
http://purl.obolibrary.org/obo/GO_0004399,802,843
http://purl.obolibrary.org/obo/GO_0016868,1928,2150
http://purl.obolibrary.org/obo/GO_0009378,1313,1534
http://purl.obolibrary.org/obo/GO_0004055,825,848
http://purl.obolibrary.org/obo/GO_0016597,1780,1853
http://purl.obolibrary.org/obo/GO_0016743,1505,1779
http://purl.obolibrary.org/obo/GO_0004814,1364,1532
http://purl.obolibrary.org/obo/GO_0016773,2003,2260
http://purl.obolibrary.org/obo/GO_0016903,653,751
http://purl.obolibrary.org/obo/GO_0004181,925,1199
http://purl.obolibrary.org/obo/GO_0030983,1934,2454
http://purl.obolibrary.org/obo/GO_0003678,1153,1579
http://purl.obolibrary.org/obo/GO_0015002,796,920
http://purl.obolibrary.org/obo/GO_0005315,826,817
http://purl.obolibrary.org/obo/GO_0004489,694,835
http://purl.obolibrary.org/obo/GO_0004107,790,884
http://purl.obolibrary.org/obo/GO_0004347,853,916
http://purl.obolibrary.org/obo/GO_0004329,719,804
http://purl.obolibrary.org/obo/GO_0004634,1186,1336
http://purl.obolibrary.org/obo/GO_0004655,677,828
http://purl.obolibrary.org/obo/GO_0003942,831,896
http://purl.obolibrary.org/obo/GO_0016620,2629,2959
http://purl.obolibrary.org/obo/GO_0046983,2536,2949
http://purl.obolibrary.org/obo/GO_0016149,714,904
http://purl.obolibrary.org/obo/GO_0016788,1891,2109
http://purl.obolibrary.org/obo/GO_0016757,1758,1967
http://purl.obolibrary.org/obo/GO_0004298,668,767
http://purl.obolibrary.org/obo/GO_0008081,636,732
http://purl.obolibrary.org/obo/GO_0008963,676,884
http://purl.obolibrary.org/obo/GO_0004743,590,833
http://purl.obolibrary.org/obo/GO_0030955,590,833
http://purl.obolibrary.org/obo/GO_0004553,2618,2994
http://purl.obolibrary.org/obo/GO_0004061,678,646
http://purl.obolibrary.org/obo/GO_0016853,1473,1655
http://purl.obolibrary.org/obo/GO_0003937,689,797
http://purl.obolibrary.org/obo/GO_0004643,677,784
http://purl.obolibrary.org/obo/GO_0008233,922,1161
http://purl.obolibrary.org/obo/GO_0016651,1283,1305
http://purl.obolibrary.org/obo/GO_0016780,708,872
http://purl.obolibrary.org/obo/GO_0003871,801,667
http://purl.obolibrary.org/obo/GO_0003697,1075,1446
http://purl.obolibrary.org/obo/GO_0008479,610,710
http://purl.obolibrary.org/obo/GO_0016153,728,733
http://purl.obolibrary.org/obo/GO_0003911,1019,1224
http://purl.obolibrary.org/obo/GO_0016820,859,929
http://purl.obolibrary.org/obo/GO_0008964,662,773
http://purl.obolibrary.org/obo/GO_0003951,610,692
http://purl.obolibrary.org/obo/GO_0004474,618,695
http://purl.obolibrary.org/obo/GO_0008113,585,680
http://purl.obolibrary.org/obo/GO_0046933,1004,1150
http://purl.obolibrary.org/obo/GO_0046961,841,944
http://purl.obolibrary.org/obo/GO_0048037,1073,1149
http://purl.obolibrary.org/obo/GO_0008410,652,684
http://purl.obolibrary.org/obo/GO_0003883,603,730
http://purl.obolibrary.org/obo/GO_0008987,649,729
http://purl.obolibrary.org/obo/GO_0051539,2084,2307
http://purl.obolibrary.org/obo/GO_0046429,611,690
http://purl.obolibrary.org/obo/GO_0000049,1422,1595
http://purl.obolibrary.org/obo/GO_0015116,574,646
http://purl.obolibrary.org/obo/GO_0004450,458,600
http://purl.obolibrary.org/obo/GO_0004853,673,715
http://purl.obolibrary.org/obo/GO_0005507,2389,2702
http://purl.obolibrary.org/obo/GO_0036361,654,623
http://purl.obolibrary.org/obo/GO_0004807,555,634
http://purl.obolibrary.org/obo/GO_0004612,564,706
http://purl.obolibrary.org/obo/GO_0051920,612,722
http://purl.obolibrary.org/obo/GO_0051082,868,1030
http://purl.obolibrary.org/obo/GO_0008703,502,549
http://purl.obolibrary.org/obo/GO_0004590,530,629
http://purl.obolibrary.org/obo/GO_0004499,476,528
http://purl.obolibrary.org/obo/GO_0004820,879,927
http://purl.obolibrary.org/obo/GO_0004471,864,941
http://purl.obolibrary.org/obo/GO_0003746,729,914
http://purl.obolibrary.org/obo/GO_0004020,542,600
http://purl.obolibrary.org/obo/GO_0008686,478,593
http://purl.obolibrary.org/obo/GO_0003864,609,643
http://purl.obolibrary.org/obo/GO_0004325,516,570
http://purl.obolibrary.org/obo/GO_0016857,533,637
http://purl.obolibrary.org/obo/GO_0004834,580,563
http://purl.obolibrary.org/obo/GO_0003735,12102,13886
http://purl.obolibrary.org/obo/GO_0004197,488,508
http://purl.obolibrary.org/obo/GO_0008705,509,634
http://purl.obolibrary.org/obo/GO_0070008,445,585
http://purl.obolibrary.org/obo/GO_0005488,582,569
http://purl.obolibrary.org/obo/GO_0008882,449,525
http://purl.obolibrary.org/obo/GO_0003725,504,560
http://purl.obolibrary.org/obo/GO_0008915,470,565
http://purl.obolibrary.org/obo/GO_0008452,500,524
http://purl.obolibrary.org/obo/GO_0008759,430,553
http://purl.obolibrary.org/obo/GO_0030234,536,581
http://purl.obolibrary.org/obo/GO_0004601,783,794
http://purl.obolibrary.org/obo/GO_0008716,498,569
http://purl.obolibrary.org/obo/GO_0008837,505,517
http://purl.obolibrary.org/obo/GO_0051745,515,595
http://purl.obolibrary.org/obo/GO_0070403,443,454
http://purl.obolibrary.org/obo/GO_0004799,432,550
http://purl.obolibrary.org/obo/GO_0004425,509,573
http://purl.obolibrary.org/obo/GO_0004451,411,477
http://purl.obolibrary.org/obo/GO_0033743,470,538
http://purl.obolibrary.org/obo/GO_0008725,481,568
http://purl.obolibrary.org/obo/GO_0016625,730,879
http://purl.obolibrary.org/obo/GO_0008239,527,572
http://purl.obolibrary.org/obo/GO_0004488,799,839
http://purl.obolibrary.org/obo/GO_0050380,486,494
http://purl.obolibrary.org/obo/GO_0004315,418,464
http://purl.obolibrary.org/obo/GO_0004357,621,714
http://purl.obolibrary.org/obo/GO_0004592,426,510
http://purl.obolibrary.org/obo/GO_0022857,545,469
http://purl.obolibrary.org/obo/GO_0008745,650,832
http://purl.obolibrary.org/obo/GO_0005247,392,448
http://purl.obolibrary.org/obo/GO_0052855,495,593
http://purl.obolibrary.org/obo/GO_0004781,398,476
http://purl.obolibrary.org/obo/GO_0003924,717,881
http://purl.obolibrary.org/obo/GO_0004358,457,488
http://purl.obolibrary.org/obo/GO_0004478,1164,1239
http://purl.obolibrary.org/obo/GO_0015078,1005,1115
http://purl.obolibrary.org/obo/GO_0004519,1006,1331
http://purl.obolibrary.org/obo/GO_0043531,496,343
http://purl.obolibrary.org/obo/GO_0017025,556,490
http://purl.obolibrary.org/obo/GO_0002161,762,844
http://purl.obolibrary.org/obo/GO_0005216,361,442
http://purl.obolibrary.org/obo/GO_0004523,419,436
http://purl.obolibrary.org/obo/GO_0004826,803,846
http://purl.obolibrary.org/obo/GO_0008184,325,325
http://purl.obolibrary.org/obo/GO_0008830,407,443
http://purl.obolibrary.org/obo/GO_0009029,372,446
http://purl.obolibrary.org/obo/GO_0004418,603,654
http://purl.obolibrary.org/obo/GO_0008855,498,621
http://purl.obolibrary.org/obo/GO_0004611,367,450
http://purl.obolibrary.org/obo/GO_0008026,337,381
http://purl.obolibrary.org/obo/GO_0016818,596,650
http://purl.obolibrary.org/obo/GO_0004664,352,436
http://purl.obolibrary.org/obo/GO_0050570,341,449
http://purl.obolibrary.org/obo/GO_0004455,358,410
http://purl.obolibrary.org/obo/GO_0033856,382,411
http://purl.obolibrary.org/obo/GO_0004514,385,474
http://purl.obolibrary.org/obo/GO_0008137,1272,1315
http://purl.obolibrary.org/obo/GO_0004749,390,437
http://purl.obolibrary.org/obo/GO_0004609,335,369
http://purl.obolibrary.org/obo/GO_0016833,417,463
http://purl.obolibrary.org/obo/GO_0019843,1187,1387
http://purl.obolibrary.org/obo/GO_0004089,387,484
http://purl.obolibrary.org/obo/GO_0009002,433,414
http://purl.obolibrary.org/obo/GO_0008661,423,488
http://purl.obolibrary.org/obo/GO_0004367,345,413
http://purl.obolibrary.org/obo/GO_0004144,402,447
http://purl.obolibrary.org/obo/GO_0004550,366,451
http://purl.obolibrary.org/obo/GO_0003848,358,427
http://purl.obolibrary.org/obo/GO_0016884,391,429
http://purl.obolibrary.org/obo/GO_0004420,357,377
http://purl.obolibrary.org/obo/GO_0004640,380,403
http://purl.obolibrary.org/obo/GO_0003849,319,364
http://purl.obolibrary.org/obo/GO_0019239,504,408
http://purl.obolibrary.org/obo/GO_0018112,302,311
http://purl.obolibrary.org/obo/GO_0008677,355,344
http://purl.obolibrary.org/obo/GO_0003852,396,459
http://purl.obolibrary.org/obo/GO_0016811,443,403
http://purl.obolibrary.org/obo/GO_0004140,299,376
http://purl.obolibrary.org/obo/GO_0004665,399,440
http://purl.obolibrary.org/obo/GO_0008977,399,440
http://purl.obolibrary.org/obo/GO_0004424,326,385
http://purl.obolibrary.org/obo/GO_0004594,304,370
http://purl.obolibrary.org/obo/GO_0050797,401,461
http://purl.obolibrary.org/obo/GO_0004332,326,406
http://purl.obolibrary.org/obo/GO_0008883,450,507
http://purl.obolibrary.org/obo/GO_0004045,383,525
http://purl.obolibrary.org/obo/GO_0000774,338,456
http://purl.obolibrary.org/obo/GO_0042803,337,458
http://purl.obolibrary.org/obo/GO_0051087,337,456
http://purl.obolibrary.org/obo/GO_0004127,346,387
http://purl.obolibrary.org/obo/GO_0004190,570,670
http://purl.obolibrary.org/obo/GO_0004345,467,482
http://purl.obolibrary.org/obo/GO_0016758,760,860
http://purl.obolibrary.org/obo/GO_0004637,572,637
http://purl.obolibrary.org/obo/GO_0003879,463,495
http://purl.obolibrary.org/obo/GO_0050518,280,350
http://purl.obolibrary.org/obo/GO_0008124,351,388
http://purl.obolibrary.org/obo/GO_0004109,314,324
http://purl.obolibrary.org/obo/GO_0008839,463,578
http://purl.obolibrary.org/obo/GO_0004520,269,360
http://purl.obolibrary.org/obo/GO_0003684,858,875
http://purl.obolibrary.org/obo/GO_0003906,546,565
http://purl.obolibrary.org/obo/GO_0016799,546,565
http://purl.obolibrary.org/obo/GO_0004852,290,302
http://purl.obolibrary.org/obo/GO_0004764,237,280
http://purl.obolibrary.org/obo/GO_0008531,256,302
http://purl.obolibrary.org/obo/GO_0004748,377,486
http://purl.obolibrary.org/obo/GO_0015093,313,374
http://purl.obolibrary.org/obo/GO_0005198,783,756
http://purl.obolibrary.org/obo/GO_0009007,276,415
http://purl.obolibrary.org/obo/GO_0004363,398,459
http://purl.obolibrary.org/obo/GO_0004185,394,463
http://purl.obolibrary.org/obo/GO_0008198,285,256
http://purl.obolibrary.org/obo/GO_0003896,556,508
http://purl.obolibrary.org/obo/GO_0016791,363,536
http://purl.obolibrary.org/obo/GO_0015109,279,259
http://purl.obolibrary.org/obo/GO_0008171,486,553
http://purl.obolibrary.org/obo/GO_0003922,294,325
http://purl.obolibrary.org/obo/GO_0004789,331,354
http://purl.obolibrary.org/obo/GO_0003910,465,405
http://purl.obolibrary.org/obo/GO_0008199,548,603
http://purl.obolibrary.org/obo/GO_0008312,338,366
http://purl.obolibrary.org/obo/GO_0016783,299,377
http://purl.obolibrary.org/obo/GO_0008897,265,263
http://purl.obolibrary.org/obo/GO_0015321,254,300
http://purl.obolibrary.org/obo/GO_0008914,291,313
http://purl.obolibrary.org/obo/GO_0008176,242,254
http://purl.obolibrary.org/obo/GO_0003919,257,334
http://purl.obolibrary.org/obo/GO_0004810,311,343
http://purl.obolibrary.org/obo/GO_0003855,388,451
http://purl.obolibrary.org/obo/GO_0004668,202,259
http://purl.obolibrary.org/obo/GO_0004525,304,307
http://purl.obolibrary.org/obo/GO_0004751,234,305
http://purl.obolibrary.org/obo/GO_0004146,221,287
http://purl.obolibrary.org/obo/GO_0000156,192,265
http://purl.obolibrary.org/obo/GO_0008984,192,265
http://purl.obolibrary.org/obo/GO_0016836,460,428
http://purl.obolibrary.org/obo/GO_0008962,199,266
http://purl.obolibrary.org/obo/GO_0008649,217,243
http://purl.obolibrary.org/obo/GO_0003743,594,702
http://purl.obolibrary.org/obo/GO_0008762,206,280
http://purl.obolibrary.org/obo/GO_0008685,248,290
http://purl.obolibrary.org/obo/GO_0016655,135,215
http://purl.obolibrary.org/obo/GO_0043772,262,348
http://purl.obolibrary.org/obo/GO_0003989,252,301
http://purl.obolibrary.org/obo/GO_0016832,252,272
http://purl.obolibrary.org/obo/GO_0016151,362,343
http://purl.obolibrary.org/obo/GO_0030145,419,507
http://purl.obolibrary.org/obo/GO_0004635,206,206
http://purl.obolibrary.org/obo/GO_0015159,182,222
http://purl.obolibrary.org/obo/GO_0070402,202,256
http://purl.obolibrary.org/obo/GO_0004518,429,484
http://purl.obolibrary.org/obo/GO_0046873,358,392
http://purl.obolibrary.org/obo/GO_0004619,210,234
http://purl.obolibrary.org/obo/GO_0003854,171,201
http://purl.obolibrary.org/obo/GO_0004411,196,185
http://purl.obolibrary.org/obo/GO_0015385,195,195
http://purl.obolibrary.org/obo/GO_0008772,158,203
http://purl.obolibrary.org/obo/GO_0004784,386,488
http://purl.obolibrary.org/obo/GO_0015501,132,125
http://purl.obolibrary.org/obo/GO_0008939,219,155
http://purl.obolibrary.org/obo/GO_0046914,472,492
http://purl.obolibrary.org/obo/GO_0004833,214,258
http://purl.obolibrary.org/obo/GO_0016763,250,241
http://purl.obolibrary.org/obo/GO_0008430,172,228
http://purl.obolibrary.org/obo/GO_0008241,176,213
http://purl.obolibrary.org/obo/GO_0015558,131,161
http://purl.obolibrary.org/obo/GO_0048472,203,205
http://purl.obolibrary.org/obo/GO_0004134,175,137
http://purl.obolibrary.org/obo/GO_0015129,125,162
http://purl.obolibrary.org/obo/GO_0015232,162,180
http://purl.obolibrary.org/obo/GO_0042132,377,380
http://purl.obolibrary.org/obo/GO_0042578,189,221
http://purl.obolibrary.org/obo/GO_0004673,153,186
http://purl.obolibrary.org/obo/GO_0018822,150,174
http://purl.obolibrary.org/obo/GO_0019825,137,144
http://purl.obolibrary.org/obo/GO_0003905,175,206
http://purl.obolibrary.org/obo/GO_0004037,174,182
http://purl.obolibrary.org/obo/GO_0004174,150,199
http://purl.obolibrary.org/obo/GO_0004340,148,160
http://purl.obolibrary.org/obo/GO_0004003,153,176
http://purl.obolibrary.org/obo/GO_0008097,180,187
http://purl.obolibrary.org/obo/GO_0004359,272,283
http://purl.obolibrary.org/obo/GO_0070009,114,157
http://purl.obolibrary.org/obo/GO_0004150,186,143
http://purl.obolibrary.org/obo/GO_0008899,192,208
http://purl.obolibrary.org/obo/GO_0004512,171,148
http://purl.obolibrary.org/obo/GO_0033739,156,176
http://purl.obolibrary.org/obo/GO_0016852,143,151
http://purl.obolibrary.org/obo/GO_0008818,159,129
http://purl.obolibrary.org/obo/GO_0051073,159,129
http://purl.obolibrary.org/obo/GO_0004018,118,135
http://purl.obolibrary.org/obo/GO_0070569,137,147
http://purl.obolibrary.org/obo/GO_0042834,173,199
http://purl.obolibrary.org/obo/GO_0003885,84,112
http://purl.obolibrary.org/obo/GO_0015128,109,101
http://purl.obolibrary.org/obo/GO_0015450,143,150
http://purl.obolibrary.org/obo/GO_0008817,183,177
http://purl.obolibrary.org/obo/GO_0043115,124,128
http://purl.obolibrary.org/obo/GO_0004560,88,132
http://purl.obolibrary.org/obo/GO_0004797,152,181
http://purl.obolibrary.org/obo/GO_0004576,152,159
http://purl.obolibrary.org/obo/GO_0043140,114,175
http://purl.obolibrary.org/obo/GO_0050080,85,78
http://purl.obolibrary.org/obo/GO_0004602,100,151
http://purl.obolibrary.org/obo/GO_0004476,209,230
http://purl.obolibrary.org/obo/GO_0016774,108,118
http://purl.obolibrary.org/obo/GO_0004817,128,136
http://purl.obolibrary.org/obo/GO_0035438,112,129
http://purl.obolibrary.org/obo/GO_0008488,105,118
http://purl.obolibrary.org/obo/GO_0000334,92,120
http://purl.obolibrary.org/obo/GO_0008138,129,145
http://purl.obolibrary.org/obo/GO_0004421,169,273
http://purl.obolibrary.org/obo/GO_0003941,125,150
http://purl.obolibrary.org/obo/GO_0008757,84,77
http://purl.obolibrary.org/obo/GO_0004832,107,132
http://purl.obolibrary.org/obo/GO_0008998,121,111
http://purl.obolibrary.org/obo/GO_0004526,144,158
http://purl.obolibrary.org/obo/GO_0050385,108,103
http://purl.obolibrary.org/obo/GO_0050897,135,141
http://purl.obolibrary.org/obo/GO_0008131,177,130
http://purl.obolibrary.org/obo/GO_0008887,103,122
http://purl.obolibrary.org/obo/GO_0003933,166,186
http://purl.obolibrary.org/obo/GO_0008829,127,144
http://purl.obolibrary.org/obo/GO_0003729,106,154
http://purl.obolibrary.org/obo/GO_0016861,122,108
http://purl.obolibrary.org/obo/GO_0008115,93,101
http://purl.obolibrary.org/obo/GO_0004040,71,90
http://purl.obolibrary.org/obo/GO_0003774,220,200
http://purl.obolibrary.org/obo/GO_0008927,75,112
http://purl.obolibrary.org/obo/GO_0042279,57,118
http://purl.obolibrary.org/obo/GO_0031072,73,89
http://purl.obolibrary.org/obo/GO_0008108,151,143
http://purl.obolibrary.org/obo/GO_0050485,53,60
http://purl.obolibrary.org/obo/GO_0004386,107,126
http://purl.obolibrary.org/obo/GO_0004809,98,92
http://purl.obolibrary.org/obo/GO_0043752,81,80
http://purl.obolibrary.org/obo/GO_0004371,126,140
http://purl.obolibrary.org/obo/GO_0016879,249,300
http://purl.obolibrary.org/obo/GO_0016993,102,112
http://purl.obolibrary.org/obo/GO_0003842,94,87
http://purl.obolibrary.org/obo/GO_0008880,60,74
http://purl.obolibrary.org/obo/GO_0016714,79,105
http://purl.obolibrary.org/obo/GO_0004143,94,100
http://purl.obolibrary.org/obo/GO_0008253,100,131
http://purl.obolibrary.org/obo/GO_0004930,142,61
http://purl.obolibrary.org/obo/GO_0004565,78,87
http://purl.obolibrary.org/obo/GO_0008792,92,86
http://purl.obolibrary.org/obo/GO_0003856,90,86
http://purl.obolibrary.org/obo/GO_0004671,77,57
http://purl.obolibrary.org/obo/GO_0047474,53,72
http://purl.obolibrary.org/obo/GO_0034257,79,92
http://purl.obolibrary.org/obo/GO_0047355,63,92
http://purl.obolibrary.org/obo/GO_0008234,151,151
http://purl.obolibrary.org/obo/GO_0004161,71,113
http://purl.obolibrary.org/obo/GO_0005451,64,71
http://purl.obolibrary.org/obo/GO_0004800,59,56
http://purl.obolibrary.org/obo/GO_0004096,38,26
http://purl.obolibrary.org/obo/GO_0005542,183,249
http://purl.obolibrary.org/obo/GO_0009001,69,70
http://purl.obolibrary.org/obo/GO_0000175,100,100
http://purl.obolibrary.org/obo/GO_0016817,72,108
http://purl.obolibrary.org/obo/GO_0004057,129,115
http://purl.obolibrary.org/obo/GO_0003908,76,91
http://purl.obolibrary.org/obo/GO_0016407,57,78
http://purl.obolibrary.org/obo/GO_0003994,104,88
http://purl.obolibrary.org/obo/GO_0004866,123,122
http://purl.obolibrary.org/obo/GO_0016798,93,81
http://purl.obolibrary.org/obo/GO_0043022,104,101
http://purl.obolibrary.org/obo/GO_0004068,75,88
http://purl.obolibrary.org/obo/GO_0000213,132,154
http://purl.obolibrary.org/obo/GO_0042925,26,22
http://purl.obolibrary.org/obo/GO_0017172,46,57
http://purl.obolibrary.org/obo/GO_0016429,92,75
http://purl.obolibrary.org/obo/GO_0008374,39,23
http://purl.obolibrary.org/obo/GO_0004348,41,42
http://purl.obolibrary.org/obo/GO_0004559,50,68
http://purl.obolibrary.org/obo/GO_0050532,69,78
http://purl.obolibrary.org/obo/GO_0003777,52,51
http://purl.obolibrary.org/obo/GO_0008017,47,40
http://purl.obolibrary.org/obo/GO_0015225,81,65
http://purl.obolibrary.org/obo/GO_0008851,46,60
http://purl.obolibrary.org/obo/GO_0004827,60,69
http://purl.obolibrary.org/obo/GO_0036459,50,34
http://purl.obolibrary.org/obo/GO_0004014,78,79
http://purl.obolibrary.org/obo/GO_0045300,66,39
http://purl.obolibrary.org/obo/GO_0005471,30,30
http://purl.obolibrary.org/obo/GO_0003917,92,104
http://purl.obolibrary.org/obo/GO_0051499,59,44
http://purl.obolibrary.org/obo/GO_0043169,54,33
http://purl.obolibrary.org/obo/GO_0003993,85,78
http://purl.obolibrary.org/obo/GO_0004829,44,49
http://purl.obolibrary.org/obo/GO_0008791,30,41
http://purl.obolibrary.org/obo/GO_0004557,33,28
http://purl.obolibrary.org/obo/GO_0008175,42,46
http://purl.obolibrary.org/obo/GO_0004373,30,37
http://purl.obolibrary.org/obo/GO_0008107,31,29
http://purl.obolibrary.org/obo/GO_0015075,62,57
http://purl.obolibrary.org/obo/GO_0004620,38,44
http://purl.obolibrary.org/obo/GO_0018759,23,25
http://purl.obolibrary.org/obo/GO_0016994,45,32
http://purl.obolibrary.org/obo/GO_0008740,40,32
http://purl.obolibrary.org/obo/GO_0008773,34,31
http://purl.obolibrary.org/obo/GO_0016158,26,31
http://purl.obolibrary.org/obo/GO_0016437,56,35
http://purl.obolibrary.org/obo/GO_0010309,25,19
http://purl.obolibrary.org/obo/GO_0015923,45,48
http://purl.obolibrary.org/obo/GO_0030058,25,49
http://purl.obolibrary.org/obo/GO_0008774,22,15
http://purl.obolibrary.org/obo/GO_0046353,23,35
http://purl.obolibrary.org/obo/GO_0034618,37,44
http://purl.obolibrary.org/obo/GO_0033990,27,38
http://purl.obolibrary.org/obo/GO_0016645,25,39
http://purl.obolibrary.org/obo/GO_0050097,20,6
http://purl.obolibrary.org/obo/GO_0015288,23,18
http://purl.obolibrary.org/obo/GO_0016840,16,36
http://purl.obolibrary.org/obo/GO_0005381,41,46
http://purl.obolibrary.org/obo/GO_0004175,40,50
http://purl.obolibrary.org/obo/GO_0004984,3,1
http://purl.obolibrary.org/obo/GO_0005549,3,1
http://purl.obolibrary.org/obo/GO_0004334,18,22
http://purl.obolibrary.org/obo/GO_0008736,30,32
http://purl.obolibrary.org/obo/GO_0045735,55,29
http://purl.obolibrary.org/obo/GO_0008534,41,47
http://purl.obolibrary.org/obo/GO_0008852,26,22
http://purl.obolibrary.org/obo/GO_0008942,19,24
http://purl.obolibrary.org/obo/GO_0004017,25,26
http://purl.obolibrary.org/obo/GO_0009015,24,24
http://purl.obolibrary.org/obo/GO_0050568,25,20
http://purl.obolibrary.org/obo/GO_0009916,29,40
http://purl.obolibrary.org/obo/GO_0015079,30,46
http://purl.obolibrary.org/obo/GO_0016702,16,7
http://purl.obolibrary.org/obo/GO_0003796,28,62
http://purl.obolibrary.org/obo/GO_0048029,15,28
http://purl.obolibrary.org/obo/GO_0015097,39,47
http://purl.obolibrary.org/obo/GO_0008733,30,22
http://purl.obolibrary.org/obo/GO_0050113,22,29
http://purl.obolibrary.org/obo/GO_0016984,26,21
http://purl.obolibrary.org/obo/GO_0004555,36,15
http://purl.obolibrary.org/obo/GO_0004725,27,39
http://purl.obolibrary.org/obo/GO_0008813,22,21
http://purl.obolibrary.org/obo/GO_0008671,13,31
http://purl.obolibrary.org/obo/GO_0004650,8,17
http://purl.obolibrary.org/obo/GO_0004540,30,35
http://purl.obolibrary.org/obo/GO_0008814,29,30
http://purl.obolibrary.org/obo/GO_0005242,18,10
http://purl.obolibrary.org/obo/GO_0016844,24,30
http://purl.obolibrary.org/obo/GO_0016157,13,9
http://purl.obolibrary.org/obo/GO_0016872,11,11
http://purl.obolibrary.org/obo/GO_0008417,12,14
http://purl.obolibrary.org/obo/GO_0005230,9,18
http://purl.obolibrary.org/obo/GO_0000030,32,27
http://purl.obolibrary.org/obo/GO_0015099,29,23
http://purl.obolibrary.org/obo/GO_0008948,2,6
http://purl.obolibrary.org/obo/GO_0015081,2,6
http://purl.obolibrary.org/obo/GO_0046537,32,29
http://purl.obolibrary.org/obo/GO_0004527,9,11
http://purl.obolibrary.org/obo/GO_0046556,15,15
http://purl.obolibrary.org/obo/GO_0015098,18,18
http://purl.obolibrary.org/obo/GO_0030599,7,16
http://purl.obolibrary.org/obo/GO_0042393,20,14
http://purl.obolibrary.org/obo/GO_0000062,12,13
http://purl.obolibrary.org/obo/GO_0016790,10,9
http://purl.obolibrary.org/obo/GO_0030515,28,37
http://purl.obolibrary.org/obo/GO_0015153,13,12
http://purl.obolibrary.org/obo/GO_0004016,6,6
http://purl.obolibrary.org/obo/GO_0015105,13,16
http://purl.obolibrary.org/obo/GO_0046917,19,18
http://purl.obolibrary.org/obo/GO_0004568,12,13
http://purl.obolibrary.org/obo/GO_0004867,10,9
http://purl.obolibrary.org/obo/GO_0016755,14,38
http://purl.obolibrary.org/obo/GO_0009976,1,4
http://purl.obolibrary.org/obo/GO_0004842,24,13
http://purl.obolibrary.org/obo/GO_0018576,13,8
http://purl.obolibrary.org/obo/GO_0004806,14,16
http://purl.obolibrary.org/obo/GO_0019001,20,12
http://purl.obolibrary.org/obo/GO_0031683,20,12
http://purl.obolibrary.org/obo/GO_0008767,21,12
http://purl.obolibrary.org/obo/GO_0003847,16,16
http://purl.obolibrary.org/obo/GO_0003950,14,17
http://purl.obolibrary.org/obo/GO_0033897,14,11
http://purl.obolibrary.org/obo/GO_0016812,12,1
http://purl.obolibrary.org/obo/GO_0004788,32,26
http://purl.obolibrary.org/obo/GO_0004071,2,2
http://purl.obolibrary.org/obo/GO_0008375,13,8
http://purl.obolibrary.org/obo/GO_0047605,10,5
http://purl.obolibrary.org/obo/GO_0003997,6,6
http://purl.obolibrary.org/obo/GO_0018024,11,9
http://purl.obolibrary.org/obo/GO_0004417,4,3
http://purl.obolibrary.org/obo/GO_0008158,15,17
http://purl.obolibrary.org/obo/GO_0050215,16,8
http://purl.obolibrary.org/obo/GO_0050144,9,9
http://purl.obolibrary.org/obo/GO_0070694,9,9
http://purl.obolibrary.org/obo/GO_0004198,12,5
http://purl.obolibrary.org/obo/GO_0008833,4,10
http://purl.obolibrary.org/obo/GO_0015658,14,20
http://purl.obolibrary.org/obo/GO_0004683,3,1
http://purl.obolibrary.org/obo/GO_0005516,3,1
http://purl.obolibrary.org/obo/GO_0047750,6,13
http://purl.obolibrary.org/obo/GO_0016730,14,6
http://purl.obolibrary.org/obo/GO_0004383,12,8
http://purl.obolibrary.org/obo/GO_0008924,3,12
http://purl.obolibrary.org/obo/GO_0004649,1,4
http://purl.obolibrary.org/obo/GO_0003978,1,5
http://purl.obolibrary.org/obo/GO_0016989,4,4
http://purl.obolibrary.org/obo/GO_0009020,4,6
http://purl.obolibrary.org/obo/GO_0008289,16,12
http://purl.obolibrary.org/obo/GO_0008193,8,12
http://purl.obolibrary.org/obo/GO_0003873,5,2
http://purl.obolibrary.org/obo/GO_0004721,9,21
http://purl.obolibrary.org/obo/GO_0034228,5,7
http://purl.obolibrary.org/obo/GO_0008810,18,10
http://purl.obolibrary.org/obo/GO_0004571,15,5
http://purl.obolibrary.org/obo/GO_0005267,24,17
http://purl.obolibrary.org/obo/GO_0004114,8,8
http://purl.obolibrary.org/obo/GO_0045156,5,0
http://purl.obolibrary.org/obo/GO_0016307,11,3
http://purl.obolibrary.org/obo/GO_0016168,1,0
http://purl.obolibrary.org/obo/GO_0008982,10,6
http://purl.obolibrary.org/obo/GO_0005272,2,2
http://purl.obolibrary.org/obo/GO_0008704,7,3
http://purl.obolibrary.org/obo/GO_0008770,3,10
http://purl.obolibrary.org/obo/GO_0009036,48,70
http://purl.obolibrary.org/obo/GO_0008373,4,0
http://purl.obolibrary.org/obo/GO_0004864,4,2
http://purl.obolibrary.org/obo/GO_0004970,3,5
http://purl.obolibrary.org/obo/GO_0005234,2,2
http://purl.obolibrary.org/obo/GO_0097351,7,17
http://purl.obolibrary.org/obo/GO_0042802,14,9
http://purl.obolibrary.org/obo/GO_0016972,7,4
http://purl.obolibrary.org/obo/GO_0015926,4,5
http://purl.obolibrary.org/obo/GO_0003830,6,4
http://purl.obolibrary.org/obo/GO_0018836,10,18
http://purl.obolibrary.org/obo/GO_0005085,5,1
http://purl.obolibrary.org/obo/GO_0008657,5,4
http://purl.obolibrary.org/obo/GO_0016760,7,6
http://purl.obolibrary.org/obo/GO_0016462,4,4
http://purl.obolibrary.org/obo/GO_0016641,5,7
http://purl.obolibrary.org/obo/GO_0035091,11,6
http://purl.obolibrary.org/obo/GO_0005044,3,5
http://purl.obolibrary.org/obo/GO_0030247,0,3
http://purl.obolibrary.org/obo/GO_0030975,3,2
http://purl.obolibrary.org/obo/GO_0008521,4,2
http://purl.obolibrary.org/obo/GO_0004674,9,3
http://purl.obolibrary.org/obo/GO_0008601,0,4
http://purl.obolibrary.org/obo/GO_0031625,11,7
http://purl.obolibrary.org/obo/GO_0004126,4,3
http://purl.obolibrary.org/obo/GO_0046923,0,1
http://purl.obolibrary.org/obo/GO_0001733,1,4
http://purl.obolibrary.org/obo/GO_0052861,4,4
http://purl.obolibrary.org/obo/GO_0050151,2,0
http://purl.obolibrary.org/obo/GO_0004497,3,5
http://purl.obolibrary.org/obo/GO_0047465,1,3
http://purl.obolibrary.org/obo/GO_0098519,3,0
http://purl.obolibrary.org/obo/GO_0004615,2,13
http://purl.obolibrary.org/obo/GO_0005096,5,4
http://purl.obolibrary.org/obo/GO_0005089,8,4
http://purl.obolibrary.org/obo/GO_0004506,1,5
http://purl.obolibrary.org/obo/GO_0017070,3,1
http://purl.obolibrary.org/obo/GO_0005544,3,5
http://purl.obolibrary.org/obo/GO_0004064,0,3
http://purl.obolibrary.org/obo/GO_0003877,8,5
http://purl.obolibrary.org/obo/GO_0004000,2,1
http://purl.obolibrary.org/obo/GO_0008811,4,4
http://purl.obolibrary.org/obo/GO_0045502,1,2
http://purl.obolibrary.org/obo/GO_0019901,11,0
http://purl.obolibrary.org/obo/GO_0047869,5,5
http://purl.obolibrary.org/obo/GO_0008378,0,2
http://purl.obolibrary.org/obo/GO_0003843,5,1
http://purl.obolibrary.org/obo/GO_0016977,1,2
http://purl.obolibrary.org/obo/GO_0033925,3,2
http://purl.obolibrary.org/obo/GO_0030699,2,3
http://purl.obolibrary.org/obo/GO_0008047,1,2
http://purl.obolibrary.org/obo/GO_0005337,7,2
http://purl.obolibrary.org/obo/GO_0030414,0,1
http://purl.obolibrary.org/obo/GO_0010277,0,3
http://purl.obolibrary.org/obo/GO_0003713,2,2
http://purl.obolibrary.org/obo/GO_0004115,8,2
http://purl.obolibrary.org/obo/GO_0000400,0,2
http://purl.obolibrary.org/obo/GO_0003968,19,5
http://purl.obolibrary.org/obo/GO_0008121,3,4
http://purl.obolibrary.org/obo/GO_0047989,0,0
http://purl.obolibrary.org/obo/GO_0003682,3,1
http://purl.obolibrary.org/obo/GO_0009882,1,1
http://purl.obolibrary.org/obo/GO_0030248,1,0
http://purl.obolibrary.org/obo/GO_0018492,1,1
http://purl.obolibrary.org/obo/GO_0015556,2,0
http://purl.obolibrary.org/obo/GO_0004583,4,0
http://purl.obolibrary.org/obo/GO_0048027,4,1
http://purl.obolibrary.org/obo/GO_0033926,8,6
http://purl.obolibrary.org/obo/GO_0004336,1,0
http://purl.obolibrary.org/obo/GO_0008440,3,0
http://purl.obolibrary.org/obo/GO_0004584,2,2
http://purl.obolibrary.org/obo/GO_0004379,2,0
http://purl.obolibrary.org/obo/GO_0047487,3,5
http://purl.obolibrary.org/obo/GO_0016756,4,1
http://purl.obolibrary.org/obo/GO_0042301,0,0
http://purl.obolibrary.org/obo/GO_0005086,5,1
http://purl.obolibrary.org/obo/GO_0051015,2,0
http://purl.obolibrary.org/obo/GO_0005540,3,3
http://purl.obolibrary.org/obo/GO_0005179,0,0
http://purl.obolibrary.org/obo/GO_0047746,0,1
http://purl.obolibrary.org/obo/GO_0019887,1,0
http://purl.obolibrary.org/obo/GO_0003779,14,2
http://purl.obolibrary.org/obo/GO_0005201,1,2
http://purl.obolibrary.org/obo/GO_0004112,2,1
http://purl.obolibrary.org/obo/GO_0005375,3,0
http://purl.obolibrary.org/obo/GO_0016715,0,2
http://purl.obolibrary.org/obo/GO_0004869,0,0
http://purl.obolibrary.org/obo/GO_0004408,0,2
http://purl.obolibrary.org/obo/GO_0004579,4,0
http://purl.obolibrary.org/obo/GO_0019120,5,0
http://purl.obolibrary.org/obo/GO_0004531,2,1
http://purl.obolibrary.org/obo/GO_0008849,0,1
http://purl.obolibrary.org/obo/GO_0016717,0,1
http://purl.obolibrary.org/obo/GO_0031369,4,0
http://purl.obolibrary.org/obo/GO_0003756,3,1
http://purl.obolibrary.org/obo/GO_0016671,3,1
http://purl.obolibrary.org/obo/GO_0004415,1,0
http://purl.obolibrary.org/obo/GO_0046559,4,6
http://purl.obolibrary.org/obo/GO_0050053,0,0
http://purl.obolibrary.org/obo/GO_0017176,2,0
http://purl.obolibrary.org/obo/GO_0004392,2,1
http://purl.obolibrary.org/obo/GO_0003688,1,0
http://purl.obolibrary.org/obo/GO_0031492,4,0
http://purl.obolibrary.org/obo/GO_0008536,2,0
http://purl.obolibrary.org/obo/GO_0047325,1,0
http://purl.obolibrary.org/obo/GO_0052725,1,0
http://purl.obolibrary.org/obo/GO_0052726,1,0
http://purl.obolibrary.org/obo/GO_0015343,0,1
http://purl.obolibrary.org/obo/GO_0008556,2,2
http://purl.obolibrary.org/obo/GO_0001104,16,4
http://purl.obolibrary.org/obo/GO_0015095,2,0
http://purl.obolibrary.org/obo/GO_0004484,3,8
http://purl.obolibrary.org/obo/GO_0004651,1,0
http://purl.obolibrary.org/obo/GO_0003690,0,2
http://purl.obolibrary.org/obo/GO_0008990,5,1
http://purl.obolibrary.org/obo/GO_0003954,2,0
http://purl.obolibrary.org/obo/GO_0004517,1,0
http://purl.obolibrary.org/obo/GO_0005351,3,0
http://purl.obolibrary.org/obo/GO_0016706,2,0
http://purl.obolibrary.org/obo/GO_0031418,2,0
http://purl.obolibrary.org/obo/GO_0004843,7,7
http://purl.obolibrary.org/obo/GO_0045158,0,0
http://purl.obolibrary.org/obo/GO_0008907,0,0
http://purl.obolibrary.org/obo/GO_0004857,0,0
http://purl.obolibrary.org/obo/GO_0016670,1,4
http://purl.obolibrary.org/obo/GO_0004521,3,0
http://purl.obolibrary.org/obo/GO_0005219,0,0
http://purl.obolibrary.org/obo/GO_0005262,0,0
http://purl.obolibrary.org/obo/GO_0051033,0,0
http://purl.obolibrary.org/obo/GO_0003712,2,1
http://purl.obolibrary.org/obo/GO_0080019,0,0
http://purl.obolibrary.org/obo/GO_0004888,0,2
http://purl.obolibrary.org/obo/GO_0030623,0,0
http://purl.obolibrary.org/obo/GO_0015204,2,0
http://purl.obolibrary.org/obo/GO_0005102,0,0
http://purl.obolibrary.org/obo/GO_0004402,4,0
http://purl.obolibrary.org/obo/GO_0008376,1,2
http://purl.obolibrary.org/obo/GO_0008827,1,0
http://purl.obolibrary.org/obo/GO_0015018,1,0
http://purl.obolibrary.org/obo/GO_2001070,3,1
http://purl.obolibrary.org/obo/GO_0043395,0,1
http://purl.obolibrary.org/obo/GO_0004435,8,1
http://purl.obolibrary.org/obo/GO_0010333,1,1
http://purl.obolibrary.org/obo/GO_0008083,0,0
http://purl.obolibrary.org/obo/GO_0008514,0,0
http://purl.obolibrary.org/obo/GO_0015114,0,2
http://purl.obolibrary.org/obo/GO_0005543,6,3
http://purl.obolibrary.org/obo/GO_0008294,0,0
http://purl.obolibrary.org/obo/GO_0019904,0,0
http://purl.obolibrary.org/obo/GO_0016534,0,0
http://purl.obolibrary.org/obo/GO_0005518,0,0
http://purl.obolibrary.org/obo/GO_0042302,0,0
http://purl.obolibrary.org/obo/GO_0016891,1,0
http://purl.obolibrary.org/obo/GO_0004318,1,0
http://purl.obolibrary.org/obo/GO_0017089,0,0
http://purl.obolibrary.org/obo/GO_0051861,0,0
http://purl.obolibrary.org/obo/GO_0016161,0,0
http://purl.obolibrary.org/obo/GO_0009044,0,0
http://purl.obolibrary.org/obo/GO_0070273,1,0
http://purl.obolibrary.org/obo/GO_0043768,0,2
http://purl.obolibrary.org/obo/GO_0004482,0,0
http://purl.obolibrary.org/obo/GO_0008901,1,3
http://purl.obolibrary.org/obo/GO_0030570,0,0
http://purl.obolibrary.org/obo/GO_0004097,2,1
http://purl.obolibrary.org/obo/GO_0008144,2,0
http://purl.obolibrary.org/obo/GO_0005319,4,2
http://purl.obolibrary.org/obo/GO_0015631,0,0
http://purl.obolibrary.org/obo/GO_0015234,1,0
http://purl.obolibrary.org/obo/GO_0000981,42,5
http://purl.obolibrary.org/obo/GO_0003980,9,2
http://purl.obolibrary.org/obo/GO_0043399,5,1
http://purl.obolibrary.org/obo/GO_0017048,4,0
http://purl.obolibrary.org/obo/GO_0008318,4,1
http://purl.obolibrary.org/obo/GO_0019211,4,1
http://purl.obolibrary.org/obo/GO_0005047,6,1
http://purl.obolibrary.org/obo/GO_0030942,4,0
http://purl.obolibrary.org/obo/GO_0050483,3,0
http://purl.obolibrary.org/obo/GO_0004652,3,0
http://purl.obolibrary.org/obo/GO_0015485,3,2
http://purl.obolibrary.org/obo/GO_0004026,2,0
http://purl.obolibrary.org/obo/GO_0004100,3,3
http://purl.obolibrary.org/obo/GO_0004564,2,1
http://purl.obolibrary.org/obo/GO_0004575,2,1
http://purl.obolibrary.org/obo/GO_0035299,2,1
http://purl.obolibrary.org/obo/GO_0004932,2,0
http://purl.obolibrary.org/obo/GO_0019905,2,0
http://purl.obolibrary.org/obo/GO_0045482,2,0
http://purl.obolibrary.org/obo/GO_0001671,1,0
http://purl.obolibrary.org/obo/GO_0005388,1,0
http://purl.obolibrary.org/obo/GO_0008509,1,4
http://purl.obolibrary.org/obo/GO_0015087,1,0
http://purl.obolibrary.org/obo/GO_0008061,1,1
http://purl.obolibrary.org/obo/GO_0016538,1,1
http://purl.obolibrary.org/obo/GO_0034061,1,0
http://purl.obolibrary.org/obo/GO_0030674,2,0
http://purl.obolibrary.org/obo/GO_0016636,1,0
http://purl.obolibrary.org/obo/GO_0004398,1,0
http://purl.obolibrary.org/obo/GO_0008242,1,0
http://purl.obolibrary.org/obo/GO_0015649,1,1
http://purl.obolibrary.org/obo/GO_0098599,1,0
http://purl.obolibrary.org/obo/GO_0043047,2,0
http://purl.obolibrary.org/obo/GO_0004180,1,0
http://purl.obolibrary.org/obo/GO_0003689,1,0
http://purl.obolibrary.org/obo/GO_0005094,1,0
http://purl.obolibrary.org/obo/GO_0008092,1,0
http://purl.obolibrary.org/obo/GO_0043130,3,1
http://purl.obolibrary.org/obo/GO_0003785,1,0
http://purl.obolibrary.org/obo/GO_0003972,1,0
http://purl.obolibrary.org/obo/GO_0050364,1,0
http://purl.obolibrary.org/obo/GO_0047396,1,0
http://purl.obolibrary.org/obo/GO_0032266,1,0
http://purl.obolibrary.org/obo/GO_0052636,0,3
http://purl.obolibrary.org/obo/GO_0034450,0,2
http://purl.obolibrary.org/obo/GO_0016503,0,2
http://purl.obolibrary.org/obo/GO_0000978,0,1
http://purl.obolibrary.org/obo/GO_0000982,0,1
http://purl.obolibrary.org/obo/GO_0046789,0,1
http://purl.obolibrary.org/obo/GO_0004861,0,1
http://purl.obolibrary.org/obo/GO_0017069,0,1
http://purl.obolibrary.org/obo/GO_0005158,0,1
http://purl.obolibrary.org/obo/GO_0030410,0,1
http://purl.obolibrary.org/obo/GO_0001614,0,1
http://purl.obolibrary.org/obo/GO_0004931,0,1
http://purl.obolibrary.org/obo/GO_0003964,0,1
http://purl.obolibrary.org/obo/GO_0017022,0,1
