Molecular Function,Sample 1 Molecular Function Count,Sample 2 Molecular Function Count,Sample 3 Molecular Function Count,Sample 4 Molecular Function Count
http://purl.obolibrary.org/obo/GO_0045156,120776,81635,94818,111290
http://purl.obolibrary.org/obo/GO_0005198,27052,24415,23123,30544
http://purl.obolibrary.org/obo/GO_0000287,20681,14182,15328,15396
http://purl.obolibrary.org/obo/GO_0005524,76621,53430,59716,45356
http://purl.obolibrary.org/obo/GO_0016168,11083,6510,8518,8970
http://purl.obolibrary.org/obo/GO_0016887,11648,8665,10811,8531
http://purl.obolibrary.org/obo/GO_0004672,8127,8042,6431,6145
http://purl.obolibrary.org/obo/GO_0004129,7923,6728,4958,7213
http://purl.obolibrary.org/obo/GO_0005506,8916,7107,5998,7169
http://purl.obolibrary.org/obo/GO_0009055,15983,12017,11397,13173
http://purl.obolibrary.org/obo/GO_0020037,13350,11542,9393,11201
http://purl.obolibrary.org/obo/GO_0016984,6623,4425,5160,5542
http://purl.obolibrary.org/obo/GO_0003924,5199,7618,3208,4506
http://purl.obolibrary.org/obo/GO_0016491,39589,32532,34941,30383
http://purl.obolibrary.org/obo/GO_0003677,39913,24017,36171,24288
http://purl.obolibrary.org/obo/GO_0003824,22953,17132,21444,15600
http://purl.obolibrary.org/obo/GO_0005525,10941,7411,7777,6074
http://purl.obolibrary.org/obo/GO_0003676,10928,7030,8535,5953
http://purl.obolibrary.org/obo/GO_0008519,3662,1408,5803,2415
http://purl.obolibrary.org/obo/GO_0008484,3155,2216,3327,1977
http://purl.obolibrary.org/obo/GO_0005515,16294,15810,11980,12644
http://purl.obolibrary.org/obo/GO_0003723,11447,7292,9683,7099
http://purl.obolibrary.org/obo/GO_0003968,3441,2742,3153,3038
http://purl.obolibrary.org/obo/GO_0016820,2776,1545,1907,1643
http://purl.obolibrary.org/obo/GO_0003700,8034,5177,7116,5114
http://purl.obolibrary.org/obo/GO_0016987,5988,3533,5319,3763
http://purl.obolibrary.org/obo/GO_0004872,5094,2423,4342,2434
http://purl.obolibrary.org/obo/GO_0005215,8586,6290,8576,5659
http://purl.obolibrary.org/obo/GO_0051082,3255,2963,1502,1750
http://purl.obolibrary.org/obo/GO_0005507,5478,2697,4942,3831
http://purl.obolibrary.org/obo/GO_0030170,5108,3987,4893,3825
http://purl.obolibrary.org/obo/GO_0051536,6866,5010,6202,4677
http://purl.obolibrary.org/obo/GO_0015002,2161,1106,1457,1836
http://purl.obolibrary.org/obo/GO_0003899,11632,3518,10120,3525
http://purl.obolibrary.org/obo/GO_0015078,5938,3014,4096,4079
http://purl.obolibrary.org/obo/GO_0004013,1970,1253,1404,1101
http://purl.obolibrary.org/obo/GO_0050662,2111,1350,1998,1317
http://purl.obolibrary.org/obo/GO_0003735,38473,17703,27596,17302
http://purl.obolibrary.org/obo/GO_0005509,7582,7048,6079,5755
http://purl.obolibrary.org/obo/GO_0016209,1969,929,1781,1042
http://purl.obolibrary.org/obo/GO_0004252,3755,2943,3404,2931
http://purl.obolibrary.org/obo/GO_0004427,1938,1233,1590,1200
http://purl.obolibrary.org/obo/GO_0009678,1746,1088,1458,1090
http://purl.obolibrary.org/obo/GO_0008234,1715,2370,1119,1451
http://purl.obolibrary.org/obo/GO_0008483,1629,1213,1584,1136
http://purl.obolibrary.org/obo/GO_0004356,2020,1096,1742,839
http://purl.obolibrary.org/obo/GO_0016620,3401,2695,2501,2310
http://purl.obolibrary.org/obo/GO_0003755,1378,940,997,833
http://purl.obolibrary.org/obo/GO_0000166,6438,4525,5699,3848
http://purl.obolibrary.org/obo/GO_0004812,4018,2504,3538,2219
http://purl.obolibrary.org/obo/GO_0016747,2886,2198,2459,2105
http://purl.obolibrary.org/obo/GO_0016787,6632,5223,7055,4878
http://purl.obolibrary.org/obo/GO_0016627,2606,2149,2629,2085
http://purl.obolibrary.org/obo/GO_0019843,3015,1156,2159,1186
http://purl.obolibrary.org/obo/GO_0030976,2275,1693,2048,1536
http://purl.obolibrary.org/obo/GO_0004222,3495,2188,2970,1941
http://purl.obolibrary.org/obo/GO_0008134,1166,1056,1246,948
http://purl.obolibrary.org/obo/GO_0016616,3285,2332,2844,2063
http://purl.obolibrary.org/obo/GO_0016779,1408,887,1433,860
http://purl.obolibrary.org/obo/GO_0016705,1683,1100,1555,1049
http://purl.obolibrary.org/obo/GO_0003774,2099,2051,872,1176
http://purl.obolibrary.org/obo/GO_0046912,1040,931,898,882
http://purl.obolibrary.org/obo/GO_0046933,2703,1430,1832,1471
http://purl.obolibrary.org/obo/GO_0046961,2028,1084,1366,1150
http://purl.obolibrary.org/obo/GO_0004298,984,687,606,603
http://purl.obolibrary.org/obo/GO_0046983,2202,967,2040,949
http://purl.obolibrary.org/obo/GO_0008270,4340,3124,3668,2888
http://purl.obolibrary.org/obo/GO_0016832,980,582,742,566
http://purl.obolibrary.org/obo/GO_0004601,963,654,769,627
http://purl.obolibrary.org/obo/GO_0016651,1134,640,921,715
http://purl.obolibrary.org/obo/GO_0048038,1749,915,1546,1005
http://purl.obolibrary.org/obo/GO_0051287,3706,2539,3399,2355
http://purl.obolibrary.org/obo/GO_0046872,7226,4566,6079,4556
http://purl.obolibrary.org/obo/GO_0003995,935,763,830,742
http://purl.obolibrary.org/obo/GO_0008565,1344,652,1323,779
http://purl.obolibrary.org/obo/GO_0050660,2551,1971,2555,1776
http://purl.obolibrary.org/obo/GO_0000155,1032,941,1193,774
http://purl.obolibrary.org/obo/GO_0004618,856,547,634,554
http://purl.obolibrary.org/obo/GO_0016624,833,635,770,578
http://purl.obolibrary.org/obo/GO_0004784,1472,400,1225,596
http://purl.obolibrary.org/obo/GO_0016301,1722,1641,1207,1414
http://purl.obolibrary.org/obo/GO_0004611,810,713,305,483
http://purl.obolibrary.org/obo/GO_0016901,795,366,818,448
http://purl.obolibrary.org/obo/GO_0004176,1368,859,1037,702
http://purl.obolibrary.org/obo/GO_0008199,834,886,543,444
http://purl.obolibrary.org/obo/GO_0016849,760,670,797,608
http://purl.obolibrary.org/obo/GO_0004634,1086,954,761,703
http://purl.obolibrary.org/obo/GO_0003746,1081,554,786,490
http://purl.obolibrary.org/obo/GO_0004612,749,814,511,748
http://purl.obolibrary.org/obo/GO_0016772,1479,1544,1118,1330
http://purl.obolibrary.org/obo/GO_0004451,711,560,422,492
http://purl.obolibrary.org/obo/GO_0003743,1466,839,1103,684
http://purl.obolibrary.org/obo/GO_0004807,667,436,467,371
http://purl.obolibrary.org/obo/GO_0051537,875,594,849,696
http://purl.obolibrary.org/obo/GO_0003918,1179,716,995,681
http://purl.obolibrary.org/obo/GO_0016866,641,453,549,450
http://purl.obolibrary.org/obo/GO_0031419,1247,971,1117,876
http://purl.obolibrary.org/obo/GO_0008168,2416,2023,2320,1807
http://purl.obolibrary.org/obo/GO_0008236,1301,821,1277,816
http://purl.obolibrary.org/obo/GO_0071949,622,366,519,388
http://purl.obolibrary.org/obo/GO_0004375,609,457,571,344
http://purl.obolibrary.org/obo/GO_0003777,1020,1672,736,913
http://purl.obolibrary.org/obo/GO_0008017,602,740,446,545
http://purl.obolibrary.org/obo/GO_0016746,1128,888,986,794
http://purl.obolibrary.org/obo/GO_0015930,777,388,618,366
http://purl.obolibrary.org/obo/GO_0016638,614,329,501,284
http://purl.obolibrary.org/obo/GO_0030151,695,930,725,892
http://purl.obolibrary.org/obo/GO_0003916,1101,522,953,477
http://purl.obolibrary.org/obo/GO_0030234,579,200,702,262
http://purl.obolibrary.org/obo/GO_0015299,571,475,556,429
http://purl.obolibrary.org/obo/GO_0016740,1280,912,1137,721
http://purl.obolibrary.org/obo/GO_0008184,555,461,441,334
http://purl.obolibrary.org/obo/GO_0016903,570,685,505,670
http://purl.obolibrary.org/obo/GO_0004803,1572,1477,1615,1193
http://purl.obolibrary.org/obo/GO_0003697,1065,540,978,597
http://purl.obolibrary.org/obo/GO_0003872,532,469,461,404
http://purl.obolibrary.org/obo/GO_0008137,1166,638,985,781
http://purl.obolibrary.org/obo/GO_0042626,670,573,661,512
http://purl.obolibrary.org/obo/GO_0008750,506,352,467,348
http://purl.obolibrary.org/obo/GO_0050661,1254,851,1027,763
http://purl.obolibrary.org/obo/GO_0016625,803,789,780,651
http://purl.obolibrary.org/obo/GO_0016765,728,412,618,352
http://purl.obolibrary.org/obo/GO_0004332,501,640,315,476
http://purl.obolibrary.org/obo/GO_0004019,494,257,409,280
http://purl.obolibrary.org/obo/GO_0004813,487,278,378,240
http://purl.obolibrary.org/obo/GO_0016876,613,424,606,309
http://purl.obolibrary.org/obo/GO_0004478,1367,1022,1079,887
http://purl.obolibrary.org/obo/GO_0016810,723,575,757,518
http://purl.obolibrary.org/obo/GO_0036459,471,532,294,345
http://purl.obolibrary.org/obo/GO_0003857,844,710,688,640
http://purl.obolibrary.org/obo/GO_0004329,467,460,352,288
http://purl.obolibrary.org/obo/GO_0008641,463,429,409,322
http://purl.obolibrary.org/obo/GO_0008113,440,206,436,238
http://purl.obolibrary.org/obo/GO_0000774,437,227,252,159
http://purl.obolibrary.org/obo/GO_0042803,451,237,263,165
http://purl.obolibrary.org/obo/GO_0051087,442,230,252,166
http://purl.obolibrary.org/obo/GO_0016151,643,822,457,899
http://purl.obolibrary.org/obo/GO_0008658,540,415,564,345
http://purl.obolibrary.org/obo/GO_0004550,433,311,285,233
http://purl.obolibrary.org/obo/GO_0016829,1732,1264,1691,1324
http://purl.obolibrary.org/obo/GO_0004743,429,391,340,286
http://purl.obolibrary.org/obo/GO_0030955,429,391,340,286
http://purl.obolibrary.org/obo/GO_0004450,427,235,341,227
http://purl.obolibrary.org/obo/GO_0008759,420,204,415,242
http://purl.obolibrary.org/obo/GO_0004616,617,336,526,381
http://purl.obolibrary.org/obo/GO_0005216,790,546,822,536
http://purl.obolibrary.org/obo/GO_0004781,405,314,262,195
http://purl.obolibrary.org/obo/GO_0043565,1379,1264,1434,1208
http://purl.obolibrary.org/obo/GO_0005315,404,509,247,553
http://purl.obolibrary.org/obo/GO_0003840,397,362,508,362
http://purl.obolibrary.org/obo/GO_0004066,380,313,359,258
http://purl.obolibrary.org/obo/GO_0022857,380,352,264,304
http://purl.obolibrary.org/obo/GO_0010181,926,849,952,712
http://purl.obolibrary.org/obo/GO_0004055,373,186,264,155
http://purl.obolibrary.org/obo/GO_0004871,1386,1333,1235,986
http://purl.obolibrary.org/obo/GO_0019001,372,410,224,319
http://purl.obolibrary.org/obo/GO_0031683,372,410,224,319
http://purl.obolibrary.org/obo/GO_0004185,410,340,272,301
http://purl.obolibrary.org/obo/GO_0030246,597,383,575,368
http://purl.obolibrary.org/obo/GO_0004519,801,398,628,417
http://purl.obolibrary.org/obo/GO_0016614,520,431,597,393
http://purl.obolibrary.org/obo/GO_0008237,678,495,675,481
http://purl.obolibrary.org/obo/GO_0004455,354,139,261,141
http://purl.obolibrary.org/obo/GO_0003883,353,190,277,176
http://purl.obolibrary.org/obo/GO_0008080,591,525,548,434
http://purl.obolibrary.org/obo/GO_0017025,333,128,226,143
http://purl.obolibrary.org/obo/GO_0004020,319,204,286,150
http://purl.obolibrary.org/obo/GO_0004347,322,262,268,204
http://purl.obolibrary.org/obo/GO_0003942,317,167,263,143
http://purl.obolibrary.org/obo/GO_0004659,316,225,300,239
http://purl.obolibrary.org/obo/GO_0015116,314,235,249,202
http://purl.obolibrary.org/obo/GO_0016831,591,438,512,450
http://purl.obolibrary.org/obo/GO_0004177,487,350,475,282
http://purl.obolibrary.org/obo/GO_0004853,304,269,244,210
http://purl.obolibrary.org/obo/GO_0004749,301,140,207,101
http://purl.obolibrary.org/obo/GO_0033743,301,138,294,163
http://purl.obolibrary.org/obo/GO_0004045,315,174,237,120
http://purl.obolibrary.org/obo/GO_0004474,296,268,252,299
http://purl.obolibrary.org/obo/GO_0018580,295,244,272,201
http://purl.obolibrary.org/obo/GO_0017150,290,172,226,169
http://purl.obolibrary.org/obo/GO_0015035,481,285,441,256
http://purl.obolibrary.org/obo/GO_0004489,287,274,243,194
http://purl.obolibrary.org/obo/GO_0042132,407,325,335,335
http://purl.obolibrary.org/obo/GO_0042578,312,283,217,291
http://purl.obolibrary.org/obo/GO_0004181,329,349,309,256
http://purl.obolibrary.org/obo/GO_0008987,281,130,220,155
http://purl.obolibrary.org/obo/GO_0051539,776,488,755,480
http://purl.obolibrary.org/obo/GO_0051745,275,114,192,135
http://purl.obolibrary.org/obo/GO_0048037,444,290,396,290
http://purl.obolibrary.org/obo/GO_0016857,289,120,224,165
http://purl.obolibrary.org/obo/GO_0016868,674,443,601,392
http://purl.obolibrary.org/obo/GO_0016742,301,214,247,194
http://purl.obolibrary.org/obo/GO_0004748,362,175,318,174
http://purl.obolibrary.org/obo/GO_0015321,267,368,216,295
http://purl.obolibrary.org/obo/GO_0005328,266,325,208,242
http://purl.obolibrary.org/obo/GO_0004719,261,310,254,269
http://purl.obolibrary.org/obo/GO_0003747,261,161,208,127
http://purl.obolibrary.org/obo/GO_0004127,259,141,237,86
http://purl.obolibrary.org/obo/GO_0016149,259,146,273,133
http://purl.obolibrary.org/obo/GO_0015655,258,169,291,153
http://purl.obolibrary.org/obo/GO_0004107,257,124,237,141
http://purl.obolibrary.org/obo/GO_0009982,427,299,429,274
http://purl.obolibrary.org/obo/GO_0008097,243,91,152,86
http://purl.obolibrary.org/obo/GO_0016597,466,301,430,321
http://purl.obolibrary.org/obo/GO_0016743,478,327,408,355
http://purl.obolibrary.org/obo/GO_0009378,316,226,295,197
http://purl.obolibrary.org/obo/GO_0000049,636,418,521,341
http://purl.obolibrary.org/obo/GO_0004399,236,173,226,122
http://purl.obolibrary.org/obo/GO_0051920,371,312,355,358
http://purl.obolibrary.org/obo/GO_0004553,1630,1501,1492,1250
http://purl.obolibrary.org/obo/GO_0008686,221,111,179,112
http://purl.obolibrary.org/obo/GO_0008312,239,140,178,115
http://purl.obolibrary.org/obo/GO_0004197,281,216,278,245
http://purl.obolibrary.org/obo/GO_0042301,217,81,96,145
http://purl.obolibrary.org/obo/GO_0003864,216,127,194,146
http://purl.obolibrary.org/obo/GO_0008661,215,123,246,119
http://purl.obolibrary.org/obo/GO_0046429,214,118,201,120
http://purl.obolibrary.org/obo/GO_0070008,209,143,198,110
http://purl.obolibrary.org/obo/GO_0003678,515,350,390,305
http://purl.obolibrary.org/obo/GO_0004499,206,182,113,98
http://purl.obolibrary.org/obo/GO_0004655,204,132,208,123
http://purl.obolibrary.org/obo/GO_0004842,263,296,150,196
http://purl.obolibrary.org/obo/GO_0004733,202,116,220,130
http://purl.obolibrary.org/obo/GO_0016788,694,490,731,488
http://purl.obolibrary.org/obo/GO_0015450,201,83,123,87
http://purl.obolibrary.org/obo/GO_0016805,256,188,284,147
http://purl.obolibrary.org/obo/GO_0004814,309,197,243,148
http://purl.obolibrary.org/obo/GO_0008170,289,240,340,234
http://purl.obolibrary.org/obo/GO_0004352,192,127,231,148
http://purl.obolibrary.org/obo/GO_0004602,192,69,135,94
http://purl.obolibrary.org/obo/GO_0070569,190,147,107,124
http://purl.obolibrary.org/obo/GO_0008233,486,423,465,307
http://purl.obolibrary.org/obo/GO_0003937,188,105,207,106
http://purl.obolibrary.org/obo/GO_0004643,184,101,203,104
http://purl.obolibrary.org/obo/GO_0016874,345,246,343,209
http://purl.obolibrary.org/obo/GO_0016853,628,417,582,362
http://purl.obolibrary.org/obo/GO_0008452,182,202,166,143
http://purl.obolibrary.org/obo/GO_0015171,180,273,206,217
http://purl.obolibrary.org/obo/GO_0008410,180,190,194,170
http://purl.obolibrary.org/obo/GO_0004096,179,145,94,98
http://purl.obolibrary.org/obo/GO_0004512,179,138,147,114
http://purl.obolibrary.org/obo/GO_0008146,218,165,182,131
http://purl.obolibrary.org/obo/GO_0008408,843,526,846,480
http://purl.obolibrary.org/obo/GO_0031625,169,163,102,116
http://purl.obolibrary.org/obo/GO_0016840,168,46,179,58
http://purl.obolibrary.org/obo/GO_0003852,168,83,134,75
http://purl.obolibrary.org/obo/GO_0016773,577,549,531,478
http://purl.obolibrary.org/obo/GO_0016153,168,148,139,130
http://purl.obolibrary.org/obo/GO_0000150,228,188,222,161
http://purl.obolibrary.org/obo/GO_0005319,188,192,27,189
http://purl.obolibrary.org/obo/GO_0008138,164,130,98,121
http://purl.obolibrary.org/obo/GO_0003724,162,131,180,188
http://purl.obolibrary.org/obo/GO_0003887,725,438,654,376
http://purl.obolibrary.org/obo/GO_0004799,161,105,140,102
http://purl.obolibrary.org/obo/GO_0002161,258,320,287,473
http://purl.obolibrary.org/obo/GO_0004471,291,345,268,364
http://purl.obolibrary.org/obo/GO_0004488,273,235,234,196
http://purl.obolibrary.org/obo/GO_0004345,244,147,205,143
http://purl.obolibrary.org/obo/GO_0003989,218,105,184,132
http://purl.obolibrary.org/obo/GO_0004190,275,164,249,153
http://purl.obolibrary.org/obo/GO_0017153,151,173,202,137
http://purl.obolibrary.org/obo/GO_0016774,148,110,122,67
http://purl.obolibrary.org/obo/GO_0003951,148,91,133,104
http://purl.obolibrary.org/obo/GO_0004424,147,59,146,62
http://purl.obolibrary.org/obo/GO_0004315,146,92,138,96
http://purl.obolibrary.org/obo/GO_0046873,226,198,161,177
http://purl.obolibrary.org/obo/GO_0004590,143,93,138,75
http://purl.obolibrary.org/obo/GO_0008324,386,355,451,320
http://purl.obolibrary.org/obo/GO_0008963,141,92,175,123
http://purl.obolibrary.org/obo/GO_0008705,141,80,118,101
http://purl.obolibrary.org/obo/GO_0008173,187,185,227,147
http://purl.obolibrary.org/obo/GO_0018492,140,180,98,97
http://purl.obolibrary.org/obo/GO_0004725,142,151,61,91
http://purl.obolibrary.org/obo/GO_0004826,295,135,230,135
http://purl.obolibrary.org/obo/GO_0004325,139,82,123,85
http://purl.obolibrary.org/obo/GO_0008964,136,82,149,65
http://purl.obolibrary.org/obo/GO_0008601,133,156,69,99
http://purl.obolibrary.org/obo/GO_0016757,421,386,370,253
http://purl.obolibrary.org/obo/GO_0016780,132,86,140,107
http://purl.obolibrary.org/obo/GO_0004518,217,121,190,140
http://purl.obolibrary.org/obo/GO_0004198,131,269,83,131
http://purl.obolibrary.org/obo/GO_0004089,131,57,136,87
http://purl.obolibrary.org/obo/GO_0004114,130,168,93,93
http://purl.obolibrary.org/obo/GO_0019239,128,124,112,103
http://purl.obolibrary.org/obo/GO_0003849,127,70,106,84
http://purl.obolibrary.org/obo/GO_0004420,127,110,122,112
http://purl.obolibrary.org/obo/GO_0003725,127,116,125,101
http://purl.obolibrary.org/obo/GO_0004061,126,96,181,86
http://purl.obolibrary.org/obo/GO_0004576,126,139,87,106
http://purl.obolibrary.org/obo/GO_0004834,126,91,138,61
http://purl.obolibrary.org/obo/GO_0005544,125,174,49,75
http://purl.obolibrary.org/obo/GO_0008837,123,72,106,74
http://purl.obolibrary.org/obo/GO_0015238,123,133,151,135
http://purl.obolibrary.org/obo/GO_0015297,123,133,151,135
http://purl.obolibrary.org/obo/GO_0016655,155,91,120,98
http://purl.obolibrary.org/obo/GO_0009002,134,67,137,70
http://purl.obolibrary.org/obo/GO_0003933,122,55,82,43
http://purl.obolibrary.org/obo/GO_0070403,122,109,110,91
http://purl.obolibrary.org/obo/GO_0016846,120,75,149,88
http://purl.obolibrary.org/obo/GO_0004665,120,51,99,54
http://purl.obolibrary.org/obo/GO_0008977,120,51,99,54
http://purl.obolibrary.org/obo/GO_0016708,120,107,126,105
http://purl.obolibrary.org/obo/GO_0008479,120,68,121,59
http://purl.obolibrary.org/obo/GO_0030983,303,253,345,238
http://purl.obolibrary.org/obo/GO_0008239,170,136,198,124
http://purl.obolibrary.org/obo/GO_0070009,117,65,120,69
http://purl.obolibrary.org/obo/GO_0004609,116,91,126,119
http://purl.obolibrary.org/obo/GO_0008081,117,108,111,93
http://purl.obolibrary.org/obo/GO_0004134,114,64,97,65
http://purl.obolibrary.org/obo/GO_0015159,114,72,127,72
http://purl.obolibrary.org/obo/GO_0003779,186,188,132,194
http://purl.obolibrary.org/obo/GO_0000175,111,44,51,29
http://purl.obolibrary.org/obo/GO_0004523,111,213,107,77
http://purl.obolibrary.org/obo/GO_0004109,109,84,72,78
http://purl.obolibrary.org/obo/GO_0008830,108,68,127,80
http://purl.obolibrary.org/obo/GO_0008430,108,90,95,115
http://purl.obolibrary.org/obo/GO_0004358,107,65,95,68
http://purl.obolibrary.org/obo/GO_0004418,161,89,140,73
http://purl.obolibrary.org/obo/GO_0004820,195,161,206,116
http://purl.obolibrary.org/obo/GO_0004560,106,122,108,93
http://purl.obolibrary.org/obo/GO_0004592,106,54,80,59
http://purl.obolibrary.org/obo/GO_0008124,106,49,95,52
http://purl.obolibrary.org/obo/GO_0008745,153,116,202,131
http://purl.obolibrary.org/obo/GO_0003871,112,68,131,67
http://purl.obolibrary.org/obo/GO_0033856,104,67,104,71
http://purl.obolibrary.org/obo/GO_0000156,103,95,91,50
http://purl.obolibrary.org/obo/GO_0008984,103,95,91,50
http://purl.obolibrary.org/obo/GO_0004357,172,159,171,147
http://purl.obolibrary.org/obo/GO_0004140,102,47,75,41
http://purl.obolibrary.org/obo/GO_0003911,138,79,162,115
http://purl.obolibrary.org/obo/GO_0016836,147,94,126,94
http://purl.obolibrary.org/obo/GO_0004421,190,82,161,99
http://purl.obolibrary.org/obo/GO_0008998,102,87,72,56
http://purl.obolibrary.org/obo/GO_0008716,101,77,101,64
http://purl.obolibrary.org/obo/GO_0015093,122,80,126,77
http://purl.obolibrary.org/obo/GO_0003879,155,68,115,72
http://purl.obolibrary.org/obo/GO_0035438,100,51,90,58
http://purl.obolibrary.org/obo/GO_0009029,98,97,97,91
http://purl.obolibrary.org/obo/GO_0008158,97,121,59,90
http://purl.obolibrary.org/obo/GO_0003855,119,58,96,60
http://purl.obolibrary.org/obo/GO_0016714,95,80,32,75
http://purl.obolibrary.org/obo/GO_0004175,95,48,43,49
http://purl.obolibrary.org/obo/GO_0030145,247,129,221,181
http://purl.obolibrary.org/obo/GO_0008703,95,52,93,59
http://purl.obolibrary.org/obo/GO_0050897,146,70,157,63
http://purl.obolibrary.org/obo/GO_0016811,103,80,111,95
http://purl.obolibrary.org/obo/GO_0004571,89,123,58,77
http://purl.obolibrary.org/obo/GO_0036361,88,68,131,75
http://purl.obolibrary.org/obo/GO_0004852,88,40,61,42
http://purl.obolibrary.org/obo/GO_0008883,151,66,117,90
http://purl.obolibrary.org/obo/GO_0004367,87,52,91,64
http://purl.obolibrary.org/obo/GO_0004640,87,67,84,49
http://purl.obolibrary.org/obo/GO_0004751,87,43,75,50
http://purl.obolibrary.org/obo/GO_0008839,158,103,124,67
http://purl.obolibrary.org/obo/GO_0003922,86,66,83,41
http://purl.obolibrary.org/obo/GO_0004411,86,109,75,88
http://purl.obolibrary.org/obo/GO_0003896,103,72,106,78
http://purl.obolibrary.org/obo/GO_0004930,111,112,54,90
http://purl.obolibrary.org/obo/GO_0016758,226,186,218,192
http://purl.obolibrary.org/obo/GO_0004664,83,55,83,40
http://purl.obolibrary.org/obo/GO_0045158,83,28,57,66
http://purl.obolibrary.org/obo/GO_0005247,83,87,88,62
http://purl.obolibrary.org/obo/GO_0008241,82,62,65,65
http://purl.obolibrary.org/obo/GO_0003843,80,30,34,23
http://purl.obolibrary.org/obo/GO_0004526,80,32,61,41
http://purl.obolibrary.org/obo/GO_0043531,78,78,88,72
http://purl.obolibrary.org/obo/GO_0003919,77,42,57,24
http://purl.obolibrary.org/obo/GO_0004619,77,45,78,49
http://purl.obolibrary.org/obo/GO_0005267,81,61,60,42
http://purl.obolibrary.org/obo/GO_0008942,77,21,48,41
http://purl.obolibrary.org/obo/GO_0004068,76,40,70,35
http://purl.obolibrary.org/obo/GO_0004559,76,56,48,45
http://purl.obolibrary.org/obo/GO_0005096,104,92,74,81
http://purl.obolibrary.org/obo/GO_0050570,75,60,63,53
http://purl.obolibrary.org/obo/GO_0004425,74,46,75,48
http://purl.obolibrary.org/obo/GO_0003994,122,72,97,60
http://purl.obolibrary.org/obo/GO_0004514,73,59,80,46
http://purl.obolibrary.org/obo/GO_0050380,72,40,57,38
http://purl.obolibrary.org/obo/GO_0045300,70,38,30,46
http://purl.obolibrary.org/obo/GO_0005089,71,84,40,65
http://purl.obolibrary.org/obo/GO_0004525,81,55,68,48
http://purl.obolibrary.org/obo/GO_0004520,70,45,67,50
http://purl.obolibrary.org/obo/GO_0005516,105,107,116,103
http://purl.obolibrary.org/obo/GO_0004635,69,48,58,48
http://purl.obolibrary.org/obo/GO_0031072,68,48,41,28
http://purl.obolibrary.org/obo/GO_0008531,68,43,48,35
http://purl.obolibrary.org/obo/GO_0004144,94,118,99,106
http://purl.obolibrary.org/obo/GO_0004071,67,129,42,198
http://purl.obolibrary.org/obo/GO_0004810,69,39,45,25
http://purl.obolibrary.org/obo/GO_0005044,67,342,56,52
http://purl.obolibrary.org/obo/GO_0016791,97,139,111,85
http://purl.obolibrary.org/obo/GO_0043169,65,36,43,29
http://purl.obolibrary.org/obo/GO_0043022,112,96,97,104
http://purl.obolibrary.org/obo/GO_0000062,66,83,50,58
http://purl.obolibrary.org/obo/GO_0052855,64,58,82,73
http://purl.obolibrary.org/obo/GO_0016783,64,48,96,55
http://purl.obolibrary.org/obo/GO_0004637,122,74,125,78
http://purl.obolibrary.org/obo/GO_0015649,64,16,57,52
http://purl.obolibrary.org/obo/GO_0008915,67,51,65,44
http://purl.obolibrary.org/obo/GO_0016884,63,37,69,28
http://purl.obolibrary.org/obo/GO_0003729,99,75,53,48
http://purl.obolibrary.org/obo/GO_0046914,142,76,182,102
http://purl.obolibrary.org/obo/GO_0016307,62,51,34,48
http://purl.obolibrary.org/obo/GO_0018112,62,63,68,43
http://purl.obolibrary.org/obo/GO_0004402,75,78,42,52
http://purl.obolibrary.org/obo/GO_0004527,61,52,27,30
http://purl.obolibrary.org/obo/GO_0004673,61,36,52,31
http://purl.obolibrary.org/obo/GO_0015288,76,37,74,63
http://purl.obolibrary.org/obo/GO_0070402,59,37,70,31
http://purl.obolibrary.org/obo/GO_0003910,91,72,67,73
http://purl.obolibrary.org/obo/GO_0003848,56,34,43,42
http://purl.obolibrary.org/obo/GO_0004017,55,62,46,35
http://purl.obolibrary.org/obo/GO_0016833,58,46,69,44
http://purl.obolibrary.org/obo/GO_0019825,70,56,73,63
http://purl.obolibrary.org/obo/GO_0004174,53,29,42,31
http://purl.obolibrary.org/obo/GO_0004348,78,57,80,47
http://purl.obolibrary.org/obo/GO_0050797,53,32,48,24
http://purl.obolibrary.org/obo/GO_0008725,52,42,68,32
http://purl.obolibrary.org/obo/GO_0016636,52,18,54,26
http://purl.obolibrary.org/obo/GO_0004340,52,37,47,33
http://purl.obolibrary.org/obo/GO_0005488,52,43,59,43
http://purl.obolibrary.org/obo/GO_0003785,52,62,12,34
http://purl.obolibrary.org/obo/GO_0008685,52,42,67,36
http://purl.obolibrary.org/obo/GO_0004363,104,94,98,56
http://purl.obolibrary.org/obo/GO_0008982,73,25,80,35
http://purl.obolibrary.org/obo/GO_0003917,66,39,33,32
http://purl.obolibrary.org/obo/GO_0016872,50,12,51,25
http://purl.obolibrary.org/obo/GO_0004146,50,32,66,35
http://purl.obolibrary.org/obo/GO_0043772,50,31,52,35
http://purl.obolibrary.org/obo/GO_0003950,63,64,35,52
http://purl.obolibrary.org/obo/GO_0004789,51,35,45,30
http://purl.obolibrary.org/obo/GO_0050518,49,34,82,58
http://purl.obolibrary.org/obo/GO_0008176,49,31,37,19
http://purl.obolibrary.org/obo/GO_0005351,49,37,28,33
http://purl.obolibrary.org/obo/GO_0008677,48,38,67,57
http://purl.obolibrary.org/obo/GO_0015558,47,33,53,43
http://purl.obolibrary.org/obo/GO_0008855,82,63,92,57
http://purl.obolibrary.org/obo/GO_0008171,72,72,86,64
http://purl.obolibrary.org/obo/GO_0000334,46,26,32,32
http://purl.obolibrary.org/obo/GO_0003993,77,81,39,39
http://purl.obolibrary.org/obo/GO_0004150,45,26,47,18
http://purl.obolibrary.org/obo/GO_0015923,45,54,25,34
http://purl.obolibrary.org/obo/GO_0015385,45,28,49,27
http://purl.obolibrary.org/obo/GO_0035091,45,67,27,33
http://purl.obolibrary.org/obo/GO_0005086,45,54,36,49
http://purl.obolibrary.org/obo/GO_0008649,44,19,43,29
http://purl.obolibrary.org/obo/GO_0018822,44,20,54,29
http://purl.obolibrary.org/obo/GO_0016157,44,35,44,22
http://purl.obolibrary.org/obo/GO_0003854,43,31,23,30
http://purl.obolibrary.org/obo/GO_0031369,43,51,28,31
http://purl.obolibrary.org/obo/GO_0008026,43,51,53,31
http://purl.obolibrary.org/obo/GO_0016818,76,94,85,57
http://purl.obolibrary.org/obo/GO_0016763,52,24,42,25
http://purl.obolibrary.org/obo/GO_0015501,42,28,29,30
http://purl.obolibrary.org/obo/GO_0004764,42,28,46,24
http://purl.obolibrary.org/obo/GO_0008927,42,24,38,29
http://purl.obolibrary.org/obo/GO_0008897,41,32,46,32
http://purl.obolibrary.org/obo/GO_0004371,69,59,80,60
http://purl.obolibrary.org/obo/GO_0004833,41,41,49,56
http://purl.obolibrary.org/obo/GO_0004866,75,57,54,49
http://purl.obolibrary.org/obo/GO_0008829,40,13,31,16
http://purl.obolibrary.org/obo/GO_0008882,40,37,56,41
http://purl.obolibrary.org/obo/GO_0004359,73,67,64,66
http://purl.obolibrary.org/obo/GO_0004392,40,7,42,22
http://purl.obolibrary.org/obo/GO_0004594,59,65,57,48
http://purl.obolibrary.org/obo/GO_0016852,39,20,38,17
http://purl.obolibrary.org/obo/GO_0008817,39,29,26,13
http://purl.obolibrary.org/obo/GO_0004386,58,67,45,55
http://purl.obolibrary.org/obo/GO_0009001,39,22,37,26
http://purl.obolibrary.org/obo/GO_0008899,37,27,41,22
http://purl.obolibrary.org/obo/GO_0005085,39,36,29,34
http://purl.obolibrary.org/obo/GO_0004579,42,36,22,44
http://purl.obolibrary.org/obo/GO_0004797,37,31,46,30
http://purl.obolibrary.org/obo/GO_0008880,37,22,28,21
http://purl.obolibrary.org/obo/GO_0015109,36,30,42,35
http://purl.obolibrary.org/obo/GO_0003684,84,78,95,68
http://purl.obolibrary.org/obo/GO_0003906,59,50,68,37
http://purl.obolibrary.org/obo/GO_0016799,59,50,68,37
http://purl.obolibrary.org/obo/GO_0009007,37,25,41,17
http://purl.obolibrary.org/obo/GO_0005230,36,66,13,56
http://purl.obolibrary.org/obo/GO_0008962,36,34,33,29
http://purl.obolibrary.org/obo/GO_0042834,36,24,35,25
http://purl.obolibrary.org/obo/GO_0004014,56,37,49,38
http://purl.obolibrary.org/obo/GO_0004683,35,23,31,20
http://purl.obolibrary.org/obo/GO_0046923,35,32,20,28
http://purl.obolibrary.org/obo/GO_0005542,54,48,40,40
http://purl.obolibrary.org/obo/GO_0004476,36,33,40,38
http://purl.obolibrary.org/obo/GO_0033739,35,27,41,26
http://purl.obolibrary.org/obo/GO_0019887,34,40,24,30
http://purl.obolibrary.org/obo/GO_0004668,35,38,42,32
http://purl.obolibrary.org/obo/GO_0004843,40,41,21,39
http://purl.obolibrary.org/obo/GO_0008757,34,17,21,14
http://purl.obolibrary.org/obo/GO_0008198,33,21,45,26
http://purl.obolibrary.org/obo/GO_0005094,33,37,22,35
http://purl.obolibrary.org/obo/GO_0008108,45,40,34,40
http://purl.obolibrary.org/obo/GO_0015129,31,19,29,17
http://purl.obolibrary.org/obo/GO_0008061,32,23,24,30
http://purl.obolibrary.org/obo/GO_0015232,30,20,25,17
http://purl.obolibrary.org/obo/GO_0003856,30,8,12,7
http://purl.obolibrary.org/obo/GO_0004373,30,52,25,35
http://purl.obolibrary.org/obo/GO_0004827,30,15,24,20
http://purl.obolibrary.org/obo/GO_0005471,30,37,26,29
http://purl.obolibrary.org/obo/GO_0004832,30,17,27,19
http://purl.obolibrary.org/obo/GO_0042302,41,136,41,55
http://purl.obolibrary.org/obo/GO_0004040,29,14,27,23
http://purl.obolibrary.org/obo/GO_0008914,29,22,38,28
http://purl.obolibrary.org/obo/GO_0008762,29,25,52,29
http://purl.obolibrary.org/obo/GO_0008115,29,12,22,10
http://purl.obolibrary.org/obo/GO_0003873,28,27,34,24
http://purl.obolibrary.org/obo/GO_0008939,28,28,24,13
http://purl.obolibrary.org/obo/GO_0050485,52,47,42,60
http://purl.obolibrary.org/obo/GO_0004867,31,71,18,52
http://purl.obolibrary.org/obo/GO_0008772,27,25,33,30
http://purl.obolibrary.org/obo/GO_0048472,27,14,20,7
http://purl.obolibrary.org/obo/GO_0005381,37,22,27,11
http://purl.obolibrary.org/obo/GO_0098599,27,27,13,21
http://purl.obolibrary.org/obo/GO_0017070,27,25,19,17
http://purl.obolibrary.org/obo/GO_0051015,40,37,15,51
http://purl.obolibrary.org/obo/GO_0016851,26,14,18,19
http://purl.obolibrary.org/obo/GO_0015128,26,23,32,20
http://purl.obolibrary.org/obo/GO_0004555,26,16,18,23
http://purl.obolibrary.org/obo/GO_0031404,25,14,15,17
http://purl.obolibrary.org/obo/GO_0048029,25,9,16,6
http://purl.obolibrary.org/obo/GO_0004540,31,15,6,11
http://purl.obolibrary.org/obo/GO_0004018,24,25,31,11
http://purl.obolibrary.org/obo/GO_0004057,42,34,28,18
http://purl.obolibrary.org/obo/GO_0008131,29,24,23,19
http://purl.obolibrary.org/obo/GO_0003756,24,16,16,11
http://purl.obolibrary.org/obo/GO_0016671,24,16,16,11
http://purl.obolibrary.org/obo/GO_0004650,24,24,21,16
http://purl.obolibrary.org/obo/GO_0016861,24,16,29,10
http://purl.obolibrary.org/obo/GO_0008289,28,35,16,19
http://purl.obolibrary.org/obo/GO_0004674,53,98,46,67
http://purl.obolibrary.org/obo/GO_0009916,23,22,9,17
http://purl.obolibrary.org/obo/GO_0016462,31,19,15,17
http://purl.obolibrary.org/obo/GO_0008773,23,10,11,11
http://purl.obolibrary.org/obo/GO_0052861,23,14,14,20
http://purl.obolibrary.org/obo/GO_0005451,23,28,22,16
http://purl.obolibrary.org/obo/GO_0003941,23,21,27,14
http://purl.obolibrary.org/obo/GO_0010309,22,15,22,5
http://purl.obolibrary.org/obo/GO_0017172,22,22,18,24
http://purl.obolibrary.org/obo/GO_0042279,22,33,26,29
http://purl.obolibrary.org/obo/GO_0004143,28,33,33,17
http://purl.obolibrary.org/obo/GO_0016879,52,28,33,30
http://purl.obolibrary.org/obo/GO_0016429,23,14,13,23
http://purl.obolibrary.org/obo/GO_0008536,22,21,15,17
http://purl.obolibrary.org/obo/GO_0008374,22,32,27,25
http://purl.obolibrary.org/obo/GO_0015098,24,31,24,27
http://purl.obolibrary.org/obo/GO_0004615,22,25,13,26
http://purl.obolibrary.org/obo/GO_0008253,44,19,24,17
http://purl.obolibrary.org/obo/GO_0005201,36,40,8,24
http://purl.obolibrary.org/obo/GO_0016538,21,16,10,13
http://purl.obolibrary.org/obo/GO_0008736,40,22,24,20
http://purl.obolibrary.org/obo/GO_0004568,21,14,9,10
http://purl.obolibrary.org/obo/GO_0016702,33,23,12,28
http://purl.obolibrary.org/obo/GO_0046422,21,8,8,15
http://purl.obolibrary.org/obo/GO_0019901,34,45,15,27
http://purl.obolibrary.org/obo/GO_0030515,20,12,4,9
http://purl.obolibrary.org/obo/GO_0043140,20,12,35,17
http://purl.obolibrary.org/obo/GO_0003885,19,7,11,10
http://purl.obolibrary.org/obo/GO_0008047,20,34,8,36
http://purl.obolibrary.org/obo/GO_0015075,38,22,29,32
http://purl.obolibrary.org/obo/GO_0008792,19,10,12,11
http://purl.obolibrary.org/obo/GO_0030623,19,20,14,15
http://purl.obolibrary.org/obo/GO_0016798,30,30,53,32
http://purl.obolibrary.org/obo/GO_0046917,18,8,14,7
http://purl.obolibrary.org/obo/GO_0004806,21,23,15,15
http://purl.obolibrary.org/obo/GO_0004435,18,15,9,20
http://purl.obolibrary.org/obo/GO_0008740,18,14,19,17
http://purl.obolibrary.org/obo/GO_0008488,18,7,21,11
http://purl.obolibrary.org/obo/GO_0005272,17,26,4,16
http://purl.obolibrary.org/obo/GO_0009496,17,4,12,8
http://purl.obolibrary.org/obo/GO_0004003,18,30,21,19
http://purl.obolibrary.org/obo/GO_0003796,24,10,21,19
http://purl.obolibrary.org/obo/GO_0050113,16,30,19,19
http://purl.obolibrary.org/obo/GO_0046556,28,24,22,14
http://purl.obolibrary.org/obo/GO_0008791,15,3,4,6
http://purl.obolibrary.org/obo/GO_0004817,15,14,25,8
http://purl.obolibrary.org/obo/GO_0004671,15,14,19,14
http://purl.obolibrary.org/obo/GO_0050080,15,16,24,16
http://purl.obolibrary.org/obo/GO_0043115,15,23,27,10
http://purl.obolibrary.org/obo/GO_0042393,21,25,10,15
http://purl.obolibrary.org/obo/GO_0050532,14,5,12,9
http://purl.obolibrary.org/obo/GO_0008521,14,10,2,6
http://purl.obolibrary.org/obo/GO_0005543,14,16,3,11
http://purl.obolibrary.org/obo/GO_0008509,14,16,1,15
http://purl.obolibrary.org/obo/GO_0045502,14,10,11,5
http://purl.obolibrary.org/obo/GO_0004334,14,19,13,10
http://purl.obolibrary.org/obo/GO_0008887,14,15,18,14
http://purl.obolibrary.org/obo/GO_0004864,14,17,11,8
http://purl.obolibrary.org/obo/GO_0004970,17,37,5,32
http://purl.obolibrary.org/obo/GO_0004379,23,37,16,22
http://purl.obolibrary.org/obo/GO_0004652,14,25,9,14
http://purl.obolibrary.org/obo/GO_0003905,14,10,20,4
http://purl.obolibrary.org/obo/GO_0050385,14,15,52,9
http://purl.obolibrary.org/obo/GO_0008733,13,10,16,9
http://purl.obolibrary.org/obo/GO_0003682,13,22,5,14
http://purl.obolibrary.org/obo/GO_0004497,17,20,9,16
http://purl.obolibrary.org/obo/GO_0016715,13,16,2,13
http://purl.obolibrary.org/obo/GO_0004869,13,33,9,27
http://purl.obolibrary.org/obo/GO_0008092,15,13,5,12
http://purl.obolibrary.org/obo/GO_0030674,15,7,3,8
http://purl.obolibrary.org/obo/GO_0018759,13,6,10,5
http://purl.obolibrary.org/obo/GO_0008948,13,3,9,2
http://purl.obolibrary.org/obo/GO_0015081,13,3,9,2
http://purl.obolibrary.org/obo/GO_0033897,13,11,8,14
http://purl.obolibrary.org/obo/GO_0047989,12,5,6,7
http://purl.obolibrary.org/obo/GO_0016730,12,12,13,10
http://purl.obolibrary.org/obo/GO_0008767,12,11,14,7
http://purl.obolibrary.org/obo/GO_0050524,39,17,19,3
http://purl.obolibrary.org/obo/GO_0004649,12,13,5,7
http://purl.obolibrary.org/obo/GO_0004620,12,8,13,18
http://purl.obolibrary.org/obo/GO_0016817,17,10,17,14
http://purl.obolibrary.org/obo/GO_0016989,12,21,18,10
http://purl.obolibrary.org/obo/GO_0004037,11,16,27,21
http://purl.obolibrary.org/obo/GO_0019904,13,18,2,11
http://purl.obolibrary.org/obo/GO_0004000,11,23,5,5
http://purl.obolibrary.org/obo/GO_0050568,11,10,5,6
http://purl.obolibrary.org/obo/GO_0008814,11,7,11,13
http://purl.obolibrary.org/obo/GO_0008810,19,10,20,14
http://purl.obolibrary.org/obo/GO_0008417,13,15,7,6
http://purl.obolibrary.org/obo/GO_0008440,11,13,8,15
http://purl.obolibrary.org/obo/GO_0005242,11,14,6,1
http://purl.obolibrary.org/obo/GO_0047474,11,4,9,5
http://purl.obolibrary.org/obo/GO_0016641,11,7,11,10
http://purl.obolibrary.org/obo/GO_0015095,11,9,6,6
http://purl.obolibrary.org/obo/GO_0003690,16,24,46,21
http://purl.obolibrary.org/obo/GO_0004809,11,12,8,11
http://purl.obolibrary.org/obo/GO_0003980,11,13,8,11
http://purl.obolibrary.org/obo/GO_0034450,11,9,8,14
http://purl.obolibrary.org/obo/GO_0003712,13,13,9,11
http://purl.obolibrary.org/obo/GO_0004565,22,29,27,20
http://purl.obolibrary.org/obo/GO_0016972,10,7,4,7
http://purl.obolibrary.org/obo/GO_0005158,10,18,1,10
http://purl.obolibrary.org/obo/GO_0046406,10,2,4,2
http://purl.obolibrary.org/obo/GO_0004517,10,6,1,4
http://purl.obolibrary.org/obo/GO_0003842,10,10,5,16
http://purl.obolibrary.org/obo/GO_0008774,9,8,5,1
http://purl.obolibrary.org/obo/GO_0003997,9,8,5,10
http://purl.obolibrary.org/obo/GO_0034618,9,2,8,5
http://purl.obolibrary.org/obo/GO_0016993,9,16,11,9
http://purl.obolibrary.org/obo/GO_0043752,9,5,10,3
http://purl.obolibrary.org/obo/GO_0004408,9,17,3,8
http://purl.obolibrary.org/obo/GO_0008378,9,25,5,10
http://purl.obolibrary.org/obo/GO_0004336,9,11,13,9
http://purl.obolibrary.org/obo/GO_0004161,9,9,9,10
http://purl.obolibrary.org/obo/GO_0003847,9,1,3,3
http://purl.obolibrary.org/obo/GO_0030599,9,166,6,6
http://purl.obolibrary.org/obo/GO_0004829,9,4,4,3
http://purl.obolibrary.org/obo/GO_0046353,8,3,7,4
http://purl.obolibrary.org/obo/GO_0015225,8,11,27,7
http://purl.obolibrary.org/obo/GO_0003714,8,6,4,2
http://purl.obolibrary.org/obo/GO_0008375,10,19,4,10
http://purl.obolibrary.org/obo/GO_0008924,8,3,11,4
http://purl.obolibrary.org/obo/GO_0034257,8,2,4,9
http://purl.obolibrary.org/obo/GO_0005337,8,7,0,5
http://purl.obolibrary.org/obo/GO_0008318,8,4,11,9
http://purl.obolibrary.org/obo/GO_0019211,8,16,4,10
http://purl.obolibrary.org/obo/GO_0003689,8,1,4,2
http://purl.obolibrary.org/obo/GO_0008174,8,5,2,2
http://purl.obolibrary.org/obo/GO_0004984,7,5,3,5
http://purl.obolibrary.org/obo/GO_0005549,7,5,3,5
http://purl.obolibrary.org/obo/GO_0016790,7,3,2,3
http://purl.obolibrary.org/obo/GO_0008818,7,10,12,5
http://purl.obolibrary.org/obo/GO_0051073,7,10,12,5
http://purl.obolibrary.org/obo/GO_0045735,7,7,10,9
http://purl.obolibrary.org/obo/GO_0050215,7,7,10,9
http://purl.obolibrary.org/obo/GO_0047355,7,5,5,5
http://purl.obolibrary.org/obo/GO_0070273,7,14,4,5
http://purl.obolibrary.org/obo/GO_0047325,7,11,2,3
http://purl.obolibrary.org/obo/GO_0052725,7,11,2,3
http://purl.obolibrary.org/obo/GO_0052726,7,11,2,3
http://purl.obolibrary.org/obo/GO_0003908,7,9,3,7
http://purl.obolibrary.org/obo/GO_0003954,8,14,9,5
http://purl.obolibrary.org/obo/GO_0004721,11,13,9,7
http://purl.obolibrary.org/obo/GO_0008121,11,9,10,15
http://purl.obolibrary.org/obo/GO_0015105,6,4,4,6
http://purl.obolibrary.org/obo/GO_0005375,6,6,1,3
http://purl.obolibrary.org/obo/GO_0004531,6,9,1,2
http://purl.obolibrary.org/obo/GO_0033926,6,4,11,2
http://purl.obolibrary.org/obo/GO_0042030,6,4,1,9
http://purl.obolibrary.org/obo/GO_0050483,6,6,4,2
http://purl.obolibrary.org/obo/GO_0042974,6,0,5,3
http://purl.obolibrary.org/obo/GO_0004557,6,8,8,10
http://purl.obolibrary.org/obo/GO_0015099,6,4,9,4
http://purl.obolibrary.org/obo/GO_0004656,6,4,1,5
http://purl.obolibrary.org/obo/GO_0016756,6,9,6,5
http://purl.obolibrary.org/obo/GO_0000030,7,4,4,6
http://purl.obolibrary.org/obo/GO_0008144,6,11,7,7
http://purl.obolibrary.org/obo/GO_0005262,6,24,2,9
http://purl.obolibrary.org/obo/GO_0004800,6,7,13,3
http://purl.obolibrary.org/obo/GO_0016888,7,5,2,5
http://purl.obolibrary.org/obo/GO_0042624,6,5,2,5
http://purl.obolibrary.org/obo/GO_0008201,5,3,1,2
http://purl.obolibrary.org/obo/GO_0009882,5,2,17,7
http://purl.obolibrary.org/obo/GO_0008813,5,1,1,1
http://purl.obolibrary.org/obo/GO_0033990,5,1,5,5
http://purl.obolibrary.org/obo/GO_0033925,5,5,2,3
http://purl.obolibrary.org/obo/GO_0008242,5,12,3,6
http://purl.obolibrary.org/obo/GO_0001104,21,19,6,17
http://purl.obolibrary.org/obo/GO_0050144,5,7,5,3
http://purl.obolibrary.org/obo/GO_0070694,5,7,5,3
http://purl.obolibrary.org/obo/GO_0015153,5,2,4,2
http://purl.obolibrary.org/obo/GO_0030942,10,10,4,8
http://purl.obolibrary.org/obo/GO_0005047,8,16,4,11
http://purl.obolibrary.org/obo/GO_0004788,5,5,4,0
http://purl.obolibrary.org/obo/GO_0005523,5,11,1,8
http://purl.obolibrary.org/obo/GO_0016407,5,7,8,7
http://purl.obolibrary.org/obo/GO_0004016,5,2,2,2
http://purl.obolibrary.org/obo/GO_0001671,4,3,0,6
http://purl.obolibrary.org/obo/GO_0015269,5,8,1,12
http://purl.obolibrary.org/obo/GO_0008811,4,0,3,1
http://purl.obolibrary.org/obo/GO_0016994,4,4,4,2
http://purl.obolibrary.org/obo/GO_0008671,4,2,6,0
http://purl.obolibrary.org/obo/GO_0004583,4,1,3,1
http://purl.obolibrary.org/obo/GO_0008851,7,8,8,5
http://purl.obolibrary.org/obo/GO_0016755,6,14,6,4
http://purl.obolibrary.org/obo/GO_0048027,4,11,2,2
http://purl.obolibrary.org/obo/GO_0004714,4,0,0,1
http://purl.obolibrary.org/obo/GO_0008107,4,5,4,9
http://purl.obolibrary.org/obo/GO_0030699,4,2,4,0
http://purl.obolibrary.org/obo/GO_0030247,5,13,15,9
http://purl.obolibrary.org/obo/GO_0050151,4,2,6,11
http://purl.obolibrary.org/obo/GO_0016645,4,0,5,2
http://purl.obolibrary.org/obo/GO_0004857,5,3,4,14
http://purl.obolibrary.org/obo/GO_0047465,4,2,4,2
http://purl.obolibrary.org/obo/GO_0003713,6,12,3,4
http://purl.obolibrary.org/obo/GO_0018024,7,14,7,3
http://purl.obolibrary.org/obo/GO_0016844,4,2,2,2
http://purl.obolibrary.org/obo/GO_0000213,6,5,6,6
http://purl.obolibrary.org/obo/GO_0015631,6,24,3,5
http://purl.obolibrary.org/obo/GO_0005102,4,9,1,8
http://purl.obolibrary.org/obo/GO_0004026,3,0,1,0
http://purl.obolibrary.org/obo/GO_0003956,3,1,2,1
http://purl.obolibrary.org/obo/GO_0009015,3,4,6,6
http://purl.obolibrary.org/obo/GO_0042925,3,4,1,3
http://purl.obolibrary.org/obo/GO_0015658,3,6,0,1
http://purl.obolibrary.org/obo/GO_0009036,7,6,9,3
http://purl.obolibrary.org/obo/GO_2001070,6,1,3,4
http://purl.obolibrary.org/obo/GO_0008657,3,2,0,4
http://purl.obolibrary.org/obo/GO_0016760,3,2,3,6
http://purl.obolibrary.org/obo/GO_0071771,3,0,1,1
http://purl.obolibrary.org/obo/GO_0008190,3,11,1,6
http://purl.obolibrary.org/obo/GO_0001733,3,4,0,3
http://purl.obolibrary.org/obo/GO_0017089,3,2,4,6
http://purl.obolibrary.org/obo/GO_0051861,3,2,4,6
http://purl.obolibrary.org/obo/GO_0008373,3,4,2,2
http://purl.obolibrary.org/obo/GO_0015018,3,6,2,5
http://purl.obolibrary.org/obo/GO_0031492,3,0,0,0
http://purl.obolibrary.org/obo/GO_0004383,3,6,4,4
http://purl.obolibrary.org/obo/GO_0005234,3,14,0,14
http://purl.obolibrary.org/obo/GO_0043768,3,1,3,0
http://purl.obolibrary.org/obo/GO_0030058,3,3,3,0
http://purl.obolibrary.org/obo/GO_0008455,3,3,6,8
http://purl.obolibrary.org/obo/GO_0004484,4,5,5,7
http://purl.obolibrary.org/obo/GO_0016706,3,3,2,6
http://purl.obolibrary.org/obo/GO_0031418,3,2,1,1
http://purl.obolibrary.org/obo/GO_0030414,5,4,2,1
http://purl.obolibrary.org/obo/GO_0046537,3,2,13,2
http://purl.obolibrary.org/obo/GO_0097351,3,1,1,1
http://purl.obolibrary.org/obo/GO_0009020,3,1,1,1
http://purl.obolibrary.org/obo/GO_0008193,3,4,1,2
http://purl.obolibrary.org/obo/GO_0009976,3,3,5,1
http://purl.obolibrary.org/obo/GO_0008175,3,0,1,0
http://purl.obolibrary.org/obo/GO_0051499,3,0,3,0
http://purl.obolibrary.org/obo/GO_0004819,3,4,0,1
http://purl.obolibrary.org/obo/GO_0043130,5,8,4,2
http://purl.obolibrary.org/obo/GO_0016812,2,4,3,1
http://purl.obolibrary.org/obo/GO_0015267,2,0,1,0
http://purl.obolibrary.org/obo/GO_0005388,2,4,0,4
http://purl.obolibrary.org/obo/GO_0008376,2,3,1,3
http://purl.obolibrary.org/obo/GO_0016531,2,4,2,5
http://purl.obolibrary.org/obo/GO_0016717,2,1,3,2
http://purl.obolibrary.org/obo/GO_0004629,2,1,3,1
http://purl.obolibrary.org/obo/GO_0008852,2,4,6,5
http://purl.obolibrary.org/obo/GO_0017176,3,3,0,2
http://purl.obolibrary.org/obo/GO_0031491,2,7,3,5
http://purl.obolibrary.org/obo/GO_0000975,2,2,0,1
http://purl.obolibrary.org/obo/GO_0004584,2,4,2,2
http://purl.obolibrary.org/obo/GO_0019799,2,6,0,0
http://purl.obolibrary.org/obo/GO_0015097,2,2,1,2
http://purl.obolibrary.org/obo/GO_0004482,2,0,1,0
http://purl.obolibrary.org/obo/GO_0001614,2,7,0,6
http://purl.obolibrary.org/obo/GO_0004931,2,7,0,6
http://purl.obolibrary.org/obo/GO_0010277,2,2,2,4
http://purl.obolibrary.org/obo/GO_0016158,2,2,3,1
http://purl.obolibrary.org/obo/GO_0003978,2,0,5,1
http://purl.obolibrary.org/obo/GO_0042802,3,3,1,1
http://purl.obolibrary.org/obo/GO_0051033,2,7,1,2
http://purl.obolibrary.org/obo/GO_0080019,2,2,1,3
http://purl.obolibrary.org/obo/GO_0019905,4,13,2,9
http://purl.obolibrary.org/obo/GO_0005200,2,8,0,4
http://purl.obolibrary.org/obo/GO_0008083,4,4,2,5
http://purl.obolibrary.org/obo/GO_0005261,3,20,2,1
http://purl.obolibrary.org/obo/GO_0016437,2,0,1,1
http://purl.obolibrary.org/obo/GO_0047605,1,4,2,1
http://purl.obolibrary.org/obo/GO_0008294,1,0,2,1
http://purl.obolibrary.org/obo/GO_0004064,1,3,1,1
http://purl.obolibrary.org/obo/GO_0003877,1,1,1,0
http://purl.obolibrary.org/obo/GO_0046332,1,3,0,0
http://purl.obolibrary.org/obo/GO_0005179,2,1,1,2
http://purl.obolibrary.org/obo/GO_0004100,1,0,1,0
http://purl.obolibrary.org/obo/GO_0008704,1,1,1,0
http://purl.obolibrary.org/obo/GO_0004112,1,0,1,0
http://purl.obolibrary.org/obo/GO_0004126,1,0,0,1
http://purl.obolibrary.org/obo/GO_0015556,1,0,6,1
http://purl.obolibrary.org/obo/GO_0016891,1,0,1,0
http://purl.obolibrary.org/obo/GO_0018576,1,3,8,0
http://purl.obolibrary.org/obo/GO_0047869,1,1,0,4
http://purl.obolibrary.org/obo/GO_0017048,1,11,0,7
http://purl.obolibrary.org/obo/GO_0008770,1,0,3,0
http://purl.obolibrary.org/obo/GO_0047750,1,0,1,0
http://purl.obolibrary.org/obo/GO_0016161,1,3,4,5
http://purl.obolibrary.org/obo/GO_0015926,1,4,2,3
http://purl.obolibrary.org/obo/GO_0004415,1,0,1,0
http://purl.obolibrary.org/obo/GO_0003830,1,2,1,2
http://purl.obolibrary.org/obo/GO_0043395,1,0,0,12
http://purl.obolibrary.org/obo/GO_0030695,1,0,0,1
http://purl.obolibrary.org/obo/GO_0003688,1,0,0,0
http://purl.obolibrary.org/obo/GO_0004861,1,2,0,4
http://purl.obolibrary.org/obo/GO_0017069,1,1,0,1
http://purl.obolibrary.org/obo/GO_0016298,1,0,0,0
http://purl.obolibrary.org/obo/GO_0015016,1,0,1,2
http://purl.obolibrary.org/obo/GO_0008556,1,0,4,2
http://purl.obolibrary.org/obo/GO_0015079,1,4,2,4
http://purl.obolibrary.org/obo/GO_0050097,1,0,1,3
http://purl.obolibrary.org/obo/GO_0008901,1,2,1,0
http://purl.obolibrary.org/obo/GO_0030269,2,2,4,0
http://purl.obolibrary.org/obo/GO_0004631,1,1,0,0
http://purl.obolibrary.org/obo/GO_0008907,1,0,1,0
http://purl.obolibrary.org/obo/GO_0016670,1,0,1,1
http://purl.obolibrary.org/obo/GO_0005184,1,0,0,0
http://purl.obolibrary.org/obo/GO_0004180,1,1,1,0
http://purl.obolibrary.org/obo/GO_0004521,1,0,1,0
http://purl.obolibrary.org/obo/GO_0016286,1,2,0,1
http://purl.obolibrary.org/obo/GO_0004888,1,1,1,0
http://purl.obolibrary.org/obo/GO_0010333,1,2,0,1
http://purl.obolibrary.org/obo/GO_0034597,1,0,0,1
http://purl.obolibrary.org/obo/GO_0003810,1,1,2,0
http://purl.obolibrary.org/obo/GO_0015204,1,3,0,4
http://purl.obolibrary.org/obo/GO_0016503,1,2,0,1
http://purl.obolibrary.org/obo/GO_0047396,1,2,0,1
http://purl.obolibrary.org/obo/GO_0030158,1,0,0,0
http://purl.obolibrary.org/obo/GO_0001882,1,1,0,1
http://purl.obolibrary.org/obo/GO_0000981,1,2,0,0
http://purl.obolibrary.org/obo/GO_0004417,0,7,3,6
http://purl.obolibrary.org/obo/GO_0098519,0,5,0,0
http://purl.obolibrary.org/obo/GO_0004398,0,3,0,0
http://purl.obolibrary.org/obo/GO_0050504,0,3,1,0
http://purl.obolibrary.org/obo/GO_0004675,0,3,4,5
http://purl.obolibrary.org/obo/GO_0000978,0,2,1,3
http://purl.obolibrary.org/obo/GO_0000982,0,2,1,3
http://purl.obolibrary.org/obo/GO_0016534,0,2,2,2
http://purl.obolibrary.org/obo/GO_0034061,0,2,1,1
http://purl.obolibrary.org/obo/GO_0016433,0,2,0,0
http://purl.obolibrary.org/obo/GO_0050290,0,2,0,0
http://purl.obolibrary.org/obo/GO_0004097,0,2,3,1
http://purl.obolibrary.org/obo/GO_0016881,0,3,1,3
http://purl.obolibrary.org/obo/GO_0031386,0,2,0,1
http://purl.obolibrary.org/obo/GO_0032266,0,2,0,1
http://purl.obolibrary.org/obo/GO_0030507,0,1,0,0
http://purl.obolibrary.org/obo/GO_0030248,0,1,1,0
http://purl.obolibrary.org/obo/GO_0008771,0,1,0,0
http://purl.obolibrary.org/obo/GO_0005212,0,1,0,0
http://purl.obolibrary.org/obo/GO_0019139,0,1,0,0
http://purl.obolibrary.org/obo/GO_0004318,0,1,0,1
http://purl.obolibrary.org/obo/GO_0004564,0,1,0,0
http://purl.obolibrary.org/obo/GO_0004575,0,1,0,0
http://purl.obolibrary.org/obo/GO_0034228,0,1,1,0
http://purl.obolibrary.org/obo/GO_0017134,0,1,0,1
http://purl.obolibrary.org/obo/GO_0004713,0,1,0,0
http://purl.obolibrary.org/obo/GO_0016977,0,1,1,1
http://purl.obolibrary.org/obo/GO_0005520,0,1,0,0
http://purl.obolibrary.org/obo/GO_0043399,0,1,2,1
http://purl.obolibrary.org/obo/GO_0035299,0,1,0,0
http://purl.obolibrary.org/obo/GO_0008418,0,1,0,3
http://purl.obolibrary.org/obo/GO_0044212,0,1,0,1
http://purl.obolibrary.org/obo/GO_0004115,0,1,2,2
http://purl.obolibrary.org/obo/GO_0030570,0,1,0,1
http://purl.obolibrary.org/obo/GO_0047487,0,1,1,0
http://purl.obolibrary.org/obo/GO_0004623,0,1,0,0
http://purl.obolibrary.org/obo/GO_0034235,0,1,0,0
http://purl.obolibrary.org/obo/GO_0005219,0,1,0,2
http://purl.obolibrary.org/obo/GO_0008140,0,1,0,1
http://purl.obolibrary.org/obo/GO_0030975,0,1,0,1
http://purl.obolibrary.org/obo/GO_0004715,0,0,2,0
http://purl.obolibrary.org/obo/GO_0004506,0,0,2,1
http://purl.obolibrary.org/obo/GO_0008514,0,0,1,0
http://purl.obolibrary.org/obo/GO_0036094,0,0,1,0
http://purl.obolibrary.org/obo/GO_0004556,0,0,1,0
http://purl.obolibrary.org/obo/GO_0008534,0,0,1,1
http://purl.obolibrary.org/obo/GO_0000014,0,0,1,0
http://purl.obolibrary.org/obo/GO_0005540,0,0,1,0
http://purl.obolibrary.org/obo/GO_0008073,0,0,0,8
http://purl.obolibrary.org/obo/GO_0008849,0,0,0,2
http://purl.obolibrary.org/obo/GO_0004677,0,0,0,2
http://purl.obolibrary.org/obo/GO_0047746,0,0,0,1
http://purl.obolibrary.org/obo/GO_0051908,0,0,0,1
http://purl.obolibrary.org/obo/GO_0046559,0,0,0,1
http://purl.obolibrary.org/obo/GO_0005249,0,0,0,1
http://purl.obolibrary.org/obo/GO_0005248,0,0,0,1
http://purl.obolibrary.org/obo/GO_0003870,0,0,0,1
http://purl.obolibrary.org/obo/GO_0033130,0,0,0,1
http://purl.obolibrary.org/obo/GO_0043495,0,0,0,1
http://purl.obolibrary.org/obo/GO_0042162,0,0,0,1
http://purl.obolibrary.org/obo/GO_0005245,0,0,0,0
http://purl.obolibrary.org/obo/GO_0045145,0,0,0,0
http://purl.obolibrary.org/obo/GO_0032183,0,0,0,0
http://purl.obolibrary.org/obo/GO_0070140,0,0,0,0
http://purl.obolibrary.org/obo/GO_0005057,0,0,0,0
http://purl.obolibrary.org/obo/GO_0008235,0,0,0,0
http://purl.obolibrary.org/obo/GO_0008013,0,0,0,0
http://purl.obolibrary.org/obo/GO_0046527,0,0,0,0
http://purl.obolibrary.org/obo/GO_0004651,0,0,0,0
http://purl.obolibrary.org/obo/GO_0016896,0,0,0,0
http://purl.obolibrary.org/obo/GO_0019902,0,0,0,0
http://purl.obolibrary.org/obo/GO_0003964,0,0,0,0
http://purl.obolibrary.org/obo/GO_0015234,0,0,0,0
http://purl.obolibrary.org/obo/GO_0047200,0,0,0,0
http://purl.obolibrary.org/obo/GO_0008833,0,0,0,0
http://purl.obolibrary.org/obo/GO_0050750,0,0,0,0
http://purl.obolibrary.org/obo/GO_0016814,0,0,0,0
http://purl.obolibrary.org/obo/GO_0015643,0,0,0,0
http://purl.obolibrary.org/obo/GO_0005518,0,0,0,0
http://purl.obolibrary.org/obo/GO_0009044,0,0,0,0
http://purl.obolibrary.org/obo/GO_0015343,0,0,0,0
http://purl.obolibrary.org/obo/GO_0008990,0,0,0,0
http://purl.obolibrary.org/obo/GO_0003707,0,0,0,0
http://purl.obolibrary.org/obo/GO_0005496,0,0,0,0
http://purl.obolibrary.org/obo/GO_0003953,0,0,0,0
http://purl.obolibrary.org/obo/GO_0030598,0,0,0,0
