file:/home/kai/Desktop/grad_school/marmic/master_thesis/kblumberg_masters_thesis/datastore/build_datastore/ice_algal_chlorophyll_myi.csvTexturehttp://purl.obolibrary.org/obo/ENVO_03000073,mixed,mixed,mixed,columnar,mixed,columnar,mixed,mp,mixed,mixed,mixed,mixed,columnar,mixed,mixed,mixed,columnar,columnar,mixed,columnar,mixed,columnar,,,,,,,,,,,,,,,,,,,,,,,,,,,,,,,,,,,,,,,,,,,,,,,,,,,,,,,,,,,,,,,,,,,,,,,,,,,,,,,,,,,,,,,,,,,,,,,,,,,,,,,,,,,,,,,,,,,,,,,,,,,,,,,,,,,,,,,,,,,,,,,,,,,,,,,,,,,,,,,,,,,,,,,,,,,,,,,,,,,,,,,,,,,,,,,,,,,,,,,,,,,,,,,,,,,,,,,,,,,,,,,,,,,,,,,,,,,,,,,,,,,,,,,,,,,,,,,,,,,,,,,,,,,,,,,,,,,,,,,,,,,,,,,,,,,,,,,,,,,,,,,,,,,,,,,,,,,,,,,,,,,,,,,,,,,,,,,,,,,,,,,,,,,,,,,,,,,,,,,,,,,,,,,,,,,,,,,,,,,,,,,,,,,,,,,,,,,,,,,,,,,,,,,,,,,,,,,,,,,,,,,,,,,,,,,,,,,,,,,,,,,,,,,,,,,,,,,,,,,,,,,,,,,,,,,,,,,,,,,,,,,,,,,,,,,,,,,,,,,,,,,,,,,,,,,,,,,,,,,,,,,,,,,,,,,,,,,,,,,,,,,,,,,,,,,,,,
file:/home/kai/Desktop/grad_school/marmic/master_thesis/kblumberg_masters_thesis/datastore/build_datastore/influence_snow_depth.csvSignalStrengthhttp://purl.obolibrary.org/obo/ENVO_00002200,17353.4,17427.7,17483.7,17389.9,17332.6,17379.3,17400.7,17385.6,17387.4,17415.7,17379,17397.4,17332.9,17361.3,17415.9,17447.2,17398.2,17438.1,17435.9,17371.8,17386.4,17359.4,17403.6,17394,17403.1,17419.7,17392.4,17382.4,17374.8,17519.9,17413.1,17403.3,17412.3,17401.8,17426.1,17470.3,17382.1,17475.6,17453.2,17387.8,17336.2,17457.6,17350.1,17388.1,17417.4,17458.8,17426.4,17416.3,17398.4,17449,17429.9,17436.5,17439.6,17361.8,17439.5,17389,17440.3,17411.6,17364.2,17397.4,,,,,,,,,,,,,,,,,,,,,,,,,,,,,,,,,,,,,,,,,,,,,,,,,,,,,,,,,,,,,,,,,,,,,,,,,,,,,,,,,,,,,,,,,,,,,,,,,,,,,,,,,,,,,,,,,,,,,,,,,,,,,,,,,,,,,,,,,,,,,,,,,,,,,,,,,,,,,,,,,,,,,,,,,,,,,,,,,,,,,,,,,,,,,,,,,,,,,,,,,,,,,,,,,,,,,,,,,,,,,,,,,,,,,,,,,,,,,,,,,,,,,,,,,,,,,,,,,,,,,,,,,,,,,,,,,,,,,,,,,,,,,,,,,,,,,,,,,,,,,,,,,,,,,,,,,,,,,,,,,,,,,,,,,,,,,,,,,,,,,,,,,,,,,,,,,,,,,,,,,,,,,,,,,,,,,,,,,,,,,,,,,,,,,,,,,,,,,,,,,,,,,,,,,,,,,,,,,,,,,,,,,,,,,,,,,,,,,,,,,,,,,,,,,,,,,,,,,,,,,,,,,,,,,,,,,,,,,,,,,,,,,,,,,,,,,,,,,,,,,,,,,,,,,,,,,,,,
file:/home/kai/Desktop/grad_school/marmic/master_thesis/kblumberg_masters_thesis/datastore/build_datastore/ice_algal_chlorophyll_myi.csvSeaIceTypePortionhttp://purl.obolibrary.org/obo/ENVO_03000073,upper multi-year portion of MYI (MY),upper multi-year portion of MYI (MY),upper multi-year portion of MYI (MY),upper multi-year portion of MYI (MY),upper multi-year portion of MYI (MY),lower first-year portion of MYI (FY),upper multi-year portion of MYI (MY),upper multi-year portion of MYI (MY),upper multi-year portion of MYI (MY),upper multi-year portion of MYI (MY),upper multi-year portion of MYI (MY),upper multi-year portion of MYI (MY),upper multi-year portion of MYI (MY),upper multi-year portion of MYI (MY),upper multi-year portion of MYI (MY),upper multi-year portion of MYI (MY),upper multi-year portion of MYI (MY),lower first-year portion of MYI (FY),upper multi-year portion of MYI (MY),lower first-year portion of MYI (FY),upper multi-year portion of MYI (MY),lower first-year portion of MYI (FY),,,,,,,,,,,,,,,,,,,,,,,,,,,,,,,,,,,,,,,,,,,,,,,,,,,,,,,,,,,,,,,,,,,,,,,,,,,,,,,,,,,,,,,,,,,,,,,,,,,,,,,,,,,,,,,,,,,,,,,,,,,,,,,,,,,,,,,,,,,,,,,,,,,,,,,,,,,,,,,,,,,,,,,,,,,,,,,,,,,,,,,,,,,,,,,,,,,,,,,,,,,,,,,,,,,,,,,,,,,,,,,,,,,,,,,,,,,,,,,,,,,,,,,,,,,,,,,,,,,,,,,,,,,,,,,,,,,,,,,,,,,,,,,,,,,,,,,,,,,,,,,,,,,,,,,,,,,,,,,,,,,,,,,,,,,,,,,,,,,,,,,,,,,,,,,,,,,,,,,,,,,,,,,,,,,,,,,,,,,,,,,,,,,,,,,,,,,,,,,,,,,,,,,,,,,,,,,,,,,,,,,,,,,,,,,,,,,,,,,,,,,,,,,,,,,,,,,,,,,,,,,,,,,,,,,,,,,,,,,,,,,,,,,,,,,,,,,,,,,,,,,,,,,,,,,,,,,,,,,,,,,,,,,,,,,,,,,,,,,,,,,,,,,,,,,,,,
file:/home/kai/Desktop/grad_school/marmic/master_thesis/kblumberg_masters_thesis/datastore/build_datastore/ice_algal_chlorophyll_myi.csvSeaIceTypehttp://purl.obolibrary.org/obo/ENVO_03000073,http://purl.obolibrary.org/obo/ENVO_03000073,http://purl.obolibrary.org/obo/ENVO_03000073,http://purl.obolibrary.org/obo/ENVO_03000073,http://purl.obolibrary.org/obo/ENVO_03000073,http://purl.obolibrary.org/obo/ENVO_03000073,http://purl.obolibrary.org/obo/ENVO_03000073,http://purl.obolibrary.org/obo/ENVO_03000073,http://purl.obolibrary.org/obo/ENVO_03000073,http://purl.obolibrary.org/obo/ENVO_03000073,http://purl.obolibrary.org/obo/ENVO_03000073,http://purl.obolibrary.org/obo/ENVO_03000073,http://purl.obolibrary.org/obo/ENVO_03000073,http://purl.obolibrary.org/obo/ENVO_03000073,http://purl.obolibrary.org/obo/ENVO_03000073,http://purl.obolibrary.org/obo/ENVO_03000073,http://purl.obolibrary.org/obo/ENVO_03000073,http://purl.obolibrary.org/obo/ENVO_03000073,http://purl.obolibrary.org/obo/ENVO_03000073,http://purl.obolibrary.org/obo/ENVO_03000073,http://purl.obolibrary.org/obo/ENVO_03000073,http://purl.obolibrary.org/obo/ENVO_03000073,http://purl.obolibrary.org/obo/ENVO_03000073,,,,,,,,,,,,,,,,,,,,,,,,,,,,,,,,,,,,,,,,,,,,,,,,,,,,,,,,,,,,,,,,,,,,,,,,,,,,,,,,,,,,,,,,,,,,,,,,,,,,,,,,,,,,,,,,,,,,,,,,,,,,,,,,,,,,,,,,,,,,,,,,,,,,,,,,,,,,,,,,,,,,,,,,,,,,,,,,,,,,,,,,,,,,,,,,,,,,,,,,,,,,,,,,,,,,,,,,,,,,,,,,,,,,,,,,,,,,,,,,,,,,,,,,,,,,,,,,,,,,,,,,,,,,,,,,,,,,,,,,,,,,,,,,,,,,,,,,,,,,,,,,,,,,,,,,,,,,,,,,,,,,,,,,,,,,,,,,,,,,,,,,,,,,,,,,,,,,,,,,,,,,,,,,,,,,,,,,,,,,,,,,,,,,,,,,,,,,,,,,,,,,,,,,,,,,,,,,,,,,,,,,,,,,,,,,,,,,,,,,,,,,,,,,,,,,,,,,,,,,,,,,,,,,,,,,,,,,,,,,,,,,,,,,,,,,,,,,,,,,,,,,,,,,,,,,,,,,,,,,,,,,,,,,,,,,,,,,,,,,,,,,,,,,,,,,,,
file:/home/kai/Desktop/grad_school/marmic/master_thesis/kblumberg_masters_thesis/datastore/build_datastore/chlorophyll_a.csvChlorophyllAhttp://purl.obolibrary.org/obo/CHEBI_18230_http://purl.obolibrary.org/obo/ENVO_00002149,0.691,0.934,0.015,2.593,2.364,0.589,0.053,0.233,0.182,1.846,1.387,0.176,0.094,1.598,1.346,0.15,0.932,1.151,1.162,2.121,0.502,1.146,0.029,0.787,0.829,0.063,0.553,0.08,1.251,0.15,1.509,1.489,4,0.757,0.324,0.035,1.579,0.055,1.274,0.053,0.163,1.436,0.337,2.246,0.083,1.147,0.79,0.205,0.765,2.351,1.16,2.288,0.044,1.559,0.425,1.158,1.774,1.039,0.235,1.251,0.641,0.466,2.154,0.023,1.654,2.539,0.034,0.378,1.157,1.15,0.827,1.627,1.208,3.569,0.113,0.746,0.168,0.596,0.758,1.391,1.495,1.574,0.935,0.738,0.157,1.301,0.052,1.099,0.094,0.691,0.934,0.015,2.593,2.364,0.589,0.053,0.233,0.182,1.846,1.387,0.176,0.094,1.598,1.346,0.15,0.932,1.151,1.162,2.121,0.502,1.146,0.029,0.787,0.829,0.063,0.553,0.08,1.251,0.15,1.509,1.489,4,0.757,0.324,0.035,1.579,0.055,1.274,0.053,0.163,1.436,0.337,2.246,0.083,1.147,0.79,0.205,0.765,2.351,1.16,2.288,0.044,1.559,0.425,1.158,1.774,1.039,0.235,1.251,0.641,0.466,2.154,0.023,1.654,2.539,0.034,0.378,1.157,1.15,0.827,1.627,1.208,3.569,0.113,0.746,0.168,0.596,0.758,1.391,1.495,1.574,0.935,0.738,0.157,1.301,0.052,1.099,0.094,,,,,,,,,,,,,,,,,,,,,,,,,,,,,,,,,,,,,,,,,,,,,,,,,,,,,,,,,,,,,,,,,,,,,,,,,,,,,,,,,,,,,,,,,,,,,,,,,,,,,,,,,,,,,,,,,,,,,,,,,,,,,,,,,,,,,,,,,,,,,,,,,,,,,,,,,,,,,,,,,,,,,,,,,,,,,,,,,,,,,,,,,,,,,,,,,,,,,,,,,,,,,,,,,,,,,,,,,,,,,,,,,,,,,,,,,,,,,,,,,,,,,,,,,,,,,,,,,,,,,,,,,,,,,,,,,,,,,,,,,,,,,,,,,,,,,,,,,,,,,,,,,,,,,,,,,,,,,,,,,,,,,,,,,,,,,,,,,,,,,,,,,,,,,,,,,,,,,,,,,,,,,,,,,,,,,,,,,,,,,,,,,,,,,,,,,,,,,,
file:/home/kai/Desktop/grad_school/marmic/master_thesis/kblumberg_masters_thesis/datastore/build_datastore/inorganic_nutrients.csvNitratehttp://purl.obolibrary.org/obo/ENVO_00002149,13.28,14.97,11.65,11.71,14.05,14.76,6.22,0.24,14.14,14.41,8.05,14.63,14.96,5.61,9.66,13.52,2.58,11.97,12.61,10.52,6.04,4.1,0.26,0.24,8.33,12.28,12.28,5.27,14.98,9.96,5.67,10.4,7.27,0.33,3.82,13.73,12.25,11.29,12.73,14.43,1.64,14.74,14.7,11.18,11.63,0.14,,,,,,,,,,,,,,,,,,,,,,,,,,,,,,,,,,,,,,,,,,,,,,,,,,,,,,,,,,,,,,,,,,,,,,,,,,,,,,,,,,,,,,,,,,,,,,,,,,,,,,,,,,,,,,,,,,,,,,,,,,,,,,,,,,,,,,,,,,,,,,,,,,,,,,,,,,,,,,,,,,,,,,,,,,,,,,,,,,,,,,,,,,,,,,,,,,,,,,,,,,,,,,,,,,,,,,,,,,,,,,,,,,,,,,,,,,,,,,,,,,,,,,,,,,,,,,,,,,,,,,,,,,,,,,,,,,,,,,,,,,,,,,,,,,,,,,,,,,,,,,,,,,,,,,,,,,,,,,,,,,,,,,,,,,,,,,,,,,,,,,,,,,,,,,,,,,,,,,,,,,,,,,,,,,,,,,,,,,,,,,,,,,,,,,,,,,,,,,,,,,,,,,,,,,,,,,,,,,,,,,,,,,,,,,,,,,,,,,,,,,,,,,,,,,,,,,,,,,,,,,,,,,,,,,,,,,,,,,,,,,,,,,,,,,,,,,,,,,,,,,,,,,,,,,,,,,,,,,,,,,,,,,,,,,
file:/home/kai/Desktop/grad_school/marmic/master_thesis/kblumberg_masters_thesis/datastore/build_datastore/ice_algal_chlorophyll_myi.csvChlorophyllAConcentrationhttp://purl.obolibrary.org/obo/CHEBI_18230_http://purl.obolibrary.org/obo/ENVO_00002149,0.2141,0.0956,0.0752,0.1543,0.322,0.5391,0.2305,0.0281,0.2105,0.1792,0.5716,0.0753,0.1623,0.0381,0.0544,0.3063,0.1734,0.7249,0.1853,0.6639,0.1142,0.691,0.2141,0.0956,0.0752,0.1543,0.322,0.5391,0.2305,0.0281,0.2105,0.1792,0.5716,0.0753,0.1623,0.0381,0.0544,0.3063,0.1734,0.7249,0.1853,0.6639,0.1142,0.691,,,,,,,,,,,,,,,,,,,,,,,,,,,,,,,,,,,,,,,,,,,,,,,,,,,,,,,,,,,,,,,,,,,,,,,,,,,,,,,,,,,,,,,,,,,,,,,,,,,,,,,,,,,,,,,,,,,,,,,,,,,,,,,,,,,,,,,,,,,,,,,,,,,,,,,,,,,,,,,,,,,,,,,,,,,,,,,,,,,,,,,,,,,,,,,,,,,,,,,,,,,,,,,,,,,,,,,,,,,,,,,,,,,,,,,,,,,,,,,,,,,,,,,,,,,,,,,,,,,,,,,,,,,,,,,,,,,,,,,,,,,,,,,,,,,,,,,,,,,,,,,,,,,,,,,,,,,,,,,,,,,,,,,,,,,,,,,,,,,,,,,,,,,,,,,,,,,,,,,,,,,,,,,,,,,,,,,,,,,,,,,,,,,,,,,,,,,,,,,,,,,,,,,,,,,,,,,,,,,,,,,,,,,,,,,,,,,,,,,,,,,,,,,,,,,,,,,,,,,,,,,,,,,,,,,,,,,,,,,,,,,,,,,,,,,,,,,,,,,,,,,,,,,,,,,,,,,,,,,,,,,,,,,,,,,,
file:/home/kai/Desktop/grad_school/marmic/master_thesis/kblumberg_masters_thesis/datastore/build_datastore/global_chlorophyll_a.csvDiatomChlorophyllAhttp://purl.obolibrary.org/obo/CHEBI_18230,0.001,0,0.1736,0.0214,0.0151,0.0065,0.0049,0.4839,0.0279,0.0023,0.0064,4.2674,0.0227,0.2334,0.216,0.0028,0.4422,0.0371,0.002,0.0109,1.0147,2.1705,0,0.8264,0.0089,0.0278,0.0402,0.0137,0.1565,0.0221,0,0.1412,0.054,0.0131,0.0676,0.157,0.3302,0.0045,0.1329,0.5472,0.1288,0.0066,0.0185,0.0167,0.0399,1.12,0.0301,0.052,0,0.0961,0.0301,0.1198,0.0069,0.266,0.087,0,0.3177,0.0077,0.0252,0.0119,0.0084,0.2321,0.4453,0.0463,0.0453,0.029,0.5645,2.3979,0.3948,0.1243,0.4393,0.5805,2.7009,0,0.0669,0.8773,1.0914,0.8466,0.0039,0.5222,0.0265,0.0037,0.0437,0.0062,0,0,0,0.0067,0,0.3705,7.7424,0.0049,0.0129,0.0621,0.0804,0.0084,0.0237,0.2199,0.2223,0,0.4985,0.4798,0.077,0.0318,0.0221,0.1326,0,0.1249,3.889,0.6627,0.022,0.3515,2.1702,0.0446,0.0222,0.1041,0,0.3959,0.0392,1.1362,3.8468,0.0116,0.0827,0.0038,0.3349,0.1582,0.1058,0.9746,1.5885,0.0038,0.1626,0.8041,0.0845,0.0077,0.0099,0.0165,0.8026,1.0512,0.0053,0.0357,0.0068,0.0171,0.0161,0.05,0.0033,0.3776,0.0319,0.6923,0.1454,0.0146,1.0069,0.0165,2.119,0.0386,0.0168,0.137,4.989,0.047,0.0408,0.1081,0.3028,0.0558,0.2836,0.1167,0.0443,0.0728,0.0098,0.0521,0.0029,0.1039,0.0064,0.8793,0.0141,0.0046,0.5834,0.0228,0.1595,0.005,2.8951,0,0.0244,0,0.0118,0,0,0.2843,0.2503,0.0473,1.1682,0.0011,0.094,0.0559,0.1,0.0211,0.0069,0.0034,0,0.1163,0.0123,0.008,0.0632,0.0303,0.4229,0.1074,0.0302,0.0028,0.0643,0.0053,0.0669,0.3318,0.0154,0,0.1587,0.1362,0.1406,0.2612,0.4046,0.6338,0.4414,0.0074,0.0195,0.2531,0,0.0176,0.3193,0.0594,0.039,0.0255,0.3557,0.0135,0.0036,0.9288,0.1986,0.0475,0,0.502,0.0034,0.0385,0.0115,0.191,0.0032,0.1023,0.1836,0.3996,2.1471,0.0053,0.5016,0.6829,0.0016,0.4232,0.1888,0.0225,0,0.1576,0.0113,0.4455,0.0236,0.0036,1.1924,0.2625,0.003,0,0.0109,0,0.0593,0.0093,0.0197,0.0037,0.0042,0.1456,0.0246,0,0.2451,0.0047,0.1777,0.003,0.0828,0.0095,0.0836,1.0003,0.0586,0.0114,0.6337,0.0102,2.3945,0.0952,0.0971,0.1006,,,,,,,,,,,,,,,,,,,,,,,,,,,,,,,,,,,,,,,,,,,,,,,,,,,,,,,,,,,,,,,,,,,,,,,,,,,,,,,,,,,,,,,,,,,,,,,,,,,,,,,,,,,,,,,,,,,,,,,,,,,,,,,,,,,,,,,,,,,,,,,,,,,,,,,,,,,,,,,,,,,,,,,,,,,,,,,,,,,,,,,,,,,,,,,,,,,,,,,,,,,,,,,,,,,,,,,,,,,,,,,,,,,,,,,,,,,,,,,,,,,,,,,,,,,,,,,,,,,,,,,,,,,,,,,,,,,,,,,,,,,,,,,,
file:/home/kai/Desktop/grad_school/marmic/master_thesis/kblumberg_masters_thesis/datastore/build_datastore/physical_oceanography.csvOxygenhttp://purl.obolibrary.org/obo/ENVO_00002149,366.6,350.18,365.99,334.57,369.43,369.28,366.54,338.52,339.17,358.1,371.88,338.75,341.43,337.77,341.24,333.89,368.73,338.41,342.2,367.78,372.98,341.68,361.86,365.6,340.21,338.02,341.87,373.4,340.6,371.37,338.49,364.51,369.24,338.01,,,,,,,,,,,,,,,,,,,,,,,,,,,,,,,,,,,,,,,,,,,,,,,,,,,,,,,,,,,,,,,,,,,,,,,,,,,,,,,,,,,,,,,,,,,,,,,,,,,,,,,,,,,,,,,,,,,,,,,,,,,,,,,,,,,,,,,,,,,,,,,,,,,,,,,,,,,,,,,,,,,,,,,,,,,,,,,,,,,,,,,,,,,,,,,,,,,,,,,,,,,,,,,,,,,,,,,,,,,,,,,,,,,,,,,,,,,,,,,,,,,,,,,,,,,,,,,,,,,,,,,,,,,,,,,,,,,,,,,,,,,,,,,,,,,,,,,,,,,,,,,,,,,,,,,,,,,,,,,,,,,,,,,,,,,,,,,,,,,,,,,,,,,,,,,,,,,,,,,,,,,,,,,,,,,,,,,,,,,,,,,,,,,,,,,,,,,,,,,,,,,,,,,,,,,,,,,,,,,,,,,,,,,,,,,,,,,,,,,,,,,,,,,,,,,,,,,,,,,,,,,,,,,,,,,,,,,,,,,,,,,,,,,,,,,,,,,,,,,,,,,,,,,,,,,,,,,,,,,,,,,,,,,,,,,,,,,,,,,,,,
file:/home/kai/Desktop/grad_school/marmic/master_thesis/kblumberg_masters_thesis/datastore/build_datastore/global_chlorophyll_a.csvTotalChlorophyllAhttp://purl.obolibrary.org/obo/CHEBI_18230_http://purl.obolibrary.org/obo/ENVO_00002149,0.0561,0.6233,0.4679,0.3291,0.2984,0.204,0.1371,0.8374,0.3287,0.1039,0.1819,4.7189,0.3724,0.8337,0.494,0.166,1.8157,0.3292,0.1237,0.363,1.667,3.3895,0.463,1.294,0.3011,0.2803,0.9552,0.1626,0.5482,0.2775,0.7849,0.5238,0.2801,0.2444,0.255,0.255,0.5849,0.1386,1.0379,0.8586,0.5993,0.23,0.77,0.175,0.3043,1.5099,0.083,0.8357,0.397,0.2725,0.9215,0.49,0.2892,0.3966,0.9614,0.0706,0.607,0.2166,0.3158,0.4509,0.1601,0.6013,0.6232,0.1754,0.2326,0.5468,1.1526,2.7493,0.8361,0.2521,0.6893,1.0456,3.046,0.355,0.471,1.6467,2.0935,2.8153,0.1588,0.7828,0.2809,0.1121,0.6268,0.1827,0.312,0.5217,0.1765,0.128,0.262,0.5091,8.7544,0.1177,0.1906,1.288,0.3219,0.2391,0.343,0.3728,0.7922,0.0505,1.2197,0.8198,0.7726,0.3285,0.4198,0.1931,0.2212,1.0171,4.0852,1.2744,0.3966,0.4784,3.1024,0.4729,0.436,0.9152,0.0529,1.1885,0.7245,1.9702,4.1149,0.2209,0.2471,0.0958,0.5497,0.803,0.182,1.9543,2.341,0.1984,0.4252,1.2648,0.5376,0.2165,0.259,0.3964,1.163,1.9215,0.1311,0.1802,0.2612,0.345,0.2876,0.5994,0.141,0.5622,0.6221,2.3979,0.5547,0.6097,1.0882,0.3153,2.3753,0.6917,0.5799,0.3594,5.2973,0.3986,0.189,0.4668,0.41,0.4701,0.549,1.1082,0.243,0.3629,0.129,0.3411,0.2467,0.2208,0.3868,0.9432,0.47,0.1277,1.7282,0.8137,0.4909,0.1507,4.3393,0.3557,0.2434,0.0532,0.2573,0.7024,0.24,0.805,0.8686,0.3321,1.304,0.0583,0.365,0.1102,0.4452,0.3126,0.3563,0.5733,0.3649,0.1706,0.343,0.1574,0.5696,0.1645,0.7137,0.3903,0.3508,0.1094,0.3022,0.162,0.7483,0.4853,0.525,0.0556,0.7401,0.6703,0.445,1.3933,0.8002,1.2766,0.676,0.2425,0.059,0.8652,0.8468,0.1296,0.6538,0.282,0.8212,0.2388,0.4791,0.3823,0.14,1.0456,1.3244,0.124,0.0557,1.5098,0.1565,0.3476,0.4166,0.418,0.1512,0.2758,0.5449,0.5739,2.4053,0.2456,0.7184,2.289,0.1465,0.5872,0.6791,0.4214,0.263,0.5421,0.1676,0.7523,0.2704,0.2853,2.1116,0.852,0.1398,0.0539,0.5225,0.234,0.368,0.1845,0.21,0.1004,0.1601,0.506,0.082,0.4089,0.5898,0.1606,0.7158,0.2175,0.1883,0.2412,0.4618,1.9161,0.3697,0.3025,1.2307,0.2695,2.7797,0.665,0.7802,0.4381,0.0561,0.6233,0.4679,0.3291,0.2984,0.204,0.1371,0.8374,0.3287,0.1039,0.1819,4.7189,0.3724,0.8337,0.494,0.166,1.8157,0.3292,0.1237,0.363,1.667,3.3895,0.463,1.294,0.3011,0.2803,0.9552,0.1626,0.5482,0.2775,0.7849,0.5238,0.2801,0.2444,0.255,0.255,0.5849,0.1386,1.0379,0.8586,0.5993,0.23,0.77,0.175,0.3043,1.5099,0.083,0.8357,0.397,0.2725,0.9215,0.49,0.2892,0.3966,0.9614,0.0706,0.607,0.2166,0.3158,0.4509,0.1601,0.6013,0.6232,0.1754,0.2326,0.5468,1.1526,2.7493,0.8361,0.2521,0.6893,1.0456,3.046,0.355,0.471,1.6467,2.0935,2.8153,0.1588,0.7828,0.2809,0.1121,0.6268,0.1827,0.312,0.5217,0.1765,0.128,0.262,0.5091,8.7544,0.1177,0.1906,1.288,0.3219,0.2391,0.343,0.3728,0.7922,0.0505,1.2197,0.8198,0.7726,0.3285,0.4198,0.1931,0.2212,1.0171,4.0852,1.2744,0.3966,0.4784,3.1024,0.4729,0.436,0.9152,0.0529,1.1885,0.7245,1.9702,4.1149,0.2209,0.2471,0.0958,0.5497,0.803,0.182,1.9543,2.341,0.1984,0.4252,1.2648,0.5376,0.2165,0.259,0.3964,1.163,1.9215,0.1311,0.1802,0.2612,0.345,0.2876,0.5994,0.141,0.5622,0.6221,2.3979,0.5547,0.6097,1.0882,0.3153,2.3753,0.6917,0.5799,0.3594,5.2973,0.3986,0.189,0.4668,0.41,0.4701,0.549,1.1082,0.243,0.3629,0.129,0.3411,0.2467,0.2208,0.3868,0.9432,0.47,0.1277,1.7282,0.8137,0.4909,0.1507,4.3393,0.3557,0.2434,0.0532,0.2573,0.7024,0.24,0.805,0.8686,0.3321,1.304,0.0583,0.365,0.1102,0.4452,0.3126,0.3563,0.5733,0.3649,0.1706,0.343,0.1574,0.5696,0.1645,0.7137,0.3903,0.3508,0.1094,0.3022,0.162,0.7483,0.4853,0.525,0.0556,0.7401,0.6703,0.445,1.3933,0.8002,1.2766,0.676,0.2425,0.059,0.8652,0.8468,0.1296,0.6538,0.282,0.8212,0.2388,0.4791,0.3823,0.14,1.0456,1.3244,0.124,0.0557,1.5098,0.1565,0.3476,0.4166,0.418,0.1512,0.2758,0.5449,0.5739,2.4053,0.2456,0.7184,2.289,0.1465,0.5872,0.6791,0.4214,0.263,0.5421,0.1676,0.7523,0.2704,0.2853,2.1116,0.852,0.1398,0.0539,0.5225,0.234,0.368,0.1845,0.21,0.1004,0.1601,0.506,0.082,0.4089,0.5898,0.1606,0.7158,0.2175,0.1883,0.2412,0.4618,1.9161,0.3697,0.3025,1.2307,0.2695,2.7797,0.665,0.7802,0.4381
file:/home/kai/Desktop/grad_school/marmic/master_thesis/kblumberg_masters_thesis/datastore/build_datastore/inorganic_nutrients.csvPhosphatehttp://purl.obolibrary.org/obo/ENVO_00002149,0.94,1.02,0.78,0.77,0.99,1,0.62,0.2,0.97,0.98,0.69,0.99,1.04,0.58,0.78,0.9,0.37,0.82,0.89,0.75,0.53,0.49,0.19,0.22,0.71,0.83,0.82,0.53,1,0.75,0.53,0.72,0.65,0.25,0.44,0.96,0.82,0.77,0.84,1.03,0.28,1.02,0.99,0.73,0.75,0.21,,,,,,,,,,,,,,,,,,,,,,,,,,,,,,,,,,,,,,,,,,,,,,,,,,,,,,,,,,,,,,,,,,,,,,,,,,,,,,,,,,,,,,,,,,,,,,,,,,,,,,,,,,,,,,,,,,,,,,,,,,,,,,,,,,,,,,,,,,,,,,,,,,,,,,,,,,,,,,,,,,,,,,,,,,,,,,,,,,,,,,,,,,,,,,,,,,,,,,,,,,,,,,,,,,,,,,,,,,,,,,,,,,,,,,,,,,,,,,,,,,,,,,,,,,,,,,,,,,,,,,,,,,,,,,,,,,,,,,,,,,,,,,,,,,,,,,,,,,,,,,,,,,,,,,,,,,,,,,,,,,,,,,,,,,,,,,,,,,,,,,,,,,,,,,,,,,,,,,,,,,,,,,,,,,,,,,,,,,,,,,,,,,,,,,,,,,,,,,,,,,,,,,,,,,,,,,,,,,,,,,,,,,,,,,,,,,,,,,,,,,,,,,,,,,,,,,,,,,,,,,,,,,,,,,,,,,,,,,,,,,,,,,,,,,,,,,,,,,,,,,,,,,,,,,,,,,,,,,,,,,,,,,,,,,
file:/home/kai/Desktop/grad_school/marmic/master_thesis/kblumberg_masters_thesis/datastore/build_datastore/chlorophyll_a.csvWaterDepthhttp://purl.obolibrary.org/obo/ENVO_00001999,30,20,100,20,18,35,120,85,75,25,40,100,75,20,50,100,65,30,40,30,55,30,100,60,20,120,10,65,40,60,15,60,55,10,50,125,50,80,10,120,75,20,50,40,80,20,10,40,20,25,10,40,100,30,100,30,30,70,100,40,10,30,40,100,50,50,100,75,40,10,10,10,10,30,100,75,80,70,20,15,35,10,25,55,100,10,115,10,50,,,,,,,,,,,,,,,,,,,,,,,,,,,,,,,,,,,,,,,,,,,,,,,,,,,,,,,,,,,,,,,,,,,,,,,,,,,,,,,,,,,,,,,,,,,,,,,,,,,,,,,,,,,,,,,,,,,,,,,,,,,,,,,,,,,,,,,,,,,,,,,,,,,,,,,,,,,,,,,,,,,,,,,,,,,,,,,,,,,,,,,,,,,,,,,,,,,,,,,,,,,,,,,,,,,,,,,,,,,,,,,,,,,,,,,,,,,,,,,,,,,,,,,,,,,,,,,,,,,,,,,,,,,,,,,,,,,,,,,,,,,,,,,,,,,,,,,,,,,,,,,,,,,,,,,,,,,,,,,,,,,,,,,,,,,,,,,,,,,,,,,,,,,,,,,,,,,,,,,,,,,,,,,,,,,,,,,,,,,,,,,,,,,,,,,,,,,,,,,,,,,,,,,,,,,,,,,,,,,,,,,,,,,,,,,,,,,,,,,,,,,,,,,,,,,,,,,,,,,,,,,,,,,,,,,,,,,,,,,,,,,,,,,
file:/home/kai/Desktop/grad_school/marmic/master_thesis/kblumberg_masters_thesis/datastore/build_datastore/chlorophyll_a.csvElevationhttp://purl.obolibrary.org/obo/ENVO_00001999,-3989,-3989,-2448,-2339,-2637,-227,-2469,-2554,-227,-2448,-2554,-2731,-1839,-2398,-1306,-2637,-1306,-1306,-1284,-2554,-2554,-2469,-2339,-2469,-1155,-2554,-227,-1550,-1839,-3989,-1839,-3489,-2788,-1550,-2339,-2788,-2637,-2339,-2637,-2398,-1284,-1550,-1839,-2398,-1550,-2448,-2448,-1155,-2788,-3489,-1306,-3489,-1284,-2339,-1306,-2788,-1550,-2788,-2469,-2637,-2731,-1155,-2731,-1839,-1550,-3489,-3489,-2469,-2339,-2469,-3989,-1839,-2398,-2731,-2398,-2398,-2637,-2731,-2731,-1284,-1284,-3489,-227,-1284,-227,-2554,-2788,-1155,-2448,,,,,,,,,,,,,,,,,,,,,,,,,,,,,,,,,,,,,,,,,,,,,,,,,,,,,,,,,,,,,,,,,,,,,,,,,,,,,,,,,,,,,,,,,,,,,,,,,,,,,,,,,,,,,,,,,,,,,,,,,,,,,,,,,,,,,,,,,,,,,,,,,,,,,,,,,,,,,,,,,,,,,,,,,,,,,,,,,,,,,,,,,,,,,,,,,,,,,,,,,,,,,,,,,,,,,,,,,,,,,,,,,,,,,,,,,,,,,,,,,,,,,,,,,,,,,,,,,,,,,,,,,,,,,,,,,,,,,,,,,,,,,,,,,,,,,,,,,,,,,,,,,,,,,,,,,,,,,,,,,,,,,,,,,,,,,,,,,,,,,,,,,,,,,,,,,,,,,,,,,,,,,,,,,,,,,,,,,,,,,,,,,,,,,,,,,,,,,,,,,,,,,,,,,,,,,,,,,,,,,,,,,,,,,,,,,,,,,,,,,,,,,,,,,,,,,,,,,,,,,,,,,,,,,,,,,,,,,,,,,,,,,,,
file:/home/kai/Desktop/grad_school/marmic/master_thesis/kblumberg_masters_thesis/datastore/build_datastore/ice_algal_chlorophyll_myi.csvMaximumIceOrSnowDepthhttp://purl.obolibrary.org/obo/ENVO_03000073,1.23,1.03,0.63,0.33,1.63,2.23,1.53,0.13,1.43,1.33,1.83,0.83,0.43,0.73,0.53,1.73,0.23,1.93,1.13,2.13,0.93,2.03,,,,,,,,,,,,,,,,,,,,,,,,,,,,,,,,,,,,,,,,,,,,,,,,,,,,,,,,,,,,,,,,,,,,,,,,,,,,,,,,,,,,,,,,,,,,,,,,,,,,,,,,,,,,,,,,,,,,,,,,,,,,,,,,,,,,,,,,,,,,,,,,,,,,,,,,,,,,,,,,,,,,,,,,,,,,,,,,,,,,,,,,,,,,,,,,,,,,,,,,,,,,,,,,,,,,,,,,,,,,,,,,,,,,,,,,,,,,,,,,,,,,,,,,,,,,,,,,,,,,,,,,,,,,,,,,,,,,,,,,,,,,,,,,,,,,,,,,,,,,,,,,,,,,,,,,,,,,,,,,,,,,,,,,,,,,,,,,,,,,,,,,,,,,,,,,,,,,,,,,,,,,,,,,,,,,,,,,,,,,,,,,,,,,,,,,,,,,,,,,,,,,,,,,,,,,,,,,,,,,,,,,,,,,,,,,,,,,,,,,,,,,,,,,,,,,,,,,,,,,,,,,,,,,,,,,,,,,,,,,,,,,,,,,,,,,,,,,,,,,,,,,,,,,,,,,,,,,,,,,,,,,,,,,,,,,,,,,,,,,,,,,,,,,,,,,,,
file:/home/kai/Desktop/grad_school/marmic/master_thesis/kblumberg_masters_thesis/datastore/build_datastore/inorganic_nutrients.csvNitritehttp://purl.obolibrary.org/obo/ENVO_00002149,0.04,0.02,0.05,0.03,0.03,0.04,0.19,0.02,0.06,0.05,0.09,0.04,0.02,0.07,0.23,0.05,0.07,0.07,0.04,0.12,0.09,0.09,0.03,0.04,0.2,0.05,0.05,0.12,0.01,0.28,0.09,0.21,0.15,0.05,0.1,0.04,0.05,0.16,0.02,0.03,0.06,0.02,0.04,0.14,0.07,0.02,,,,,,,,,,,,,,,,,,,,,,,,,,,,,,,,,,,,,,,,,,,,,,,,,,,,,,,,,,,,,,,,,,,,,,,,,,,,,,,,,,,,,,,,,,,,,,,,,,,,,,,,,,,,,,,,,,,,,,,,,,,,,,,,,,,,,,,,,,,,,,,,,,,,,,,,,,,,,,,,,,,,,,,,,,,,,,,,,,,,,,,,,,,,,,,,,,,,,,,,,,,,,,,,,,,,,,,,,,,,,,,,,,,,,,,,,,,,,,,,,,,,,,,,,,,,,,,,,,,,,,,,,,,,,,,,,,,,,,,,,,,,,,,,,,,,,,,,,,,,,,,,,,,,,,,,,,,,,,,,,,,,,,,,,,,,,,,,,,,,,,,,,,,,,,,,,,,,,,,,,,,,,,,,,,,,,,,,,,,,,,,,,,,,,,,,,,,,,,,,,,,,,,,,,,,,,,,,,,,,,,,,,,,,,,,,,,,,,,,,,,,,,,,,,,,,,,,,,,,,,,,,,,,,,,,,,,,,,,,,,,,,,,,,,,,,,,,,,,,,,,,,,,,,,,,,,,,,,,,,,,,,,,,,,,
file:/home/kai/Desktop/grad_school/marmic/master_thesis/kblumberg_masters_thesis/datastore/build_datastore/influence_snow_depth.csvRelativeDistanceYhttp://purl.obolibrary.org/obo/ENVO_00002200,35.85,35.97,35.99,36,35.87,36.03,35.98,35.93,35.86,35.84,35.85,35.94,35.93,35.85,35.9,35.92,36.02,36.05,36,35.93,35.87,35.85,35.85,35.86,35.85,36.02,36.08,36.01,35.96,36.02,35.91,35.93,36.03,35.85,35.94,35.95,35.99,35.99,35.88,35.87,35.99,35.96,35.96,35.85,35.97,35.89,36.02,35.96,35.98,35.85,35.98,35.91,36.01,36,35.91,35.98,35.96,35.89,35.85,36.01,,,,,,,,,,,,,,,,,,,,,,,,,,,,,,,,,,,,,,,,,,,,,,,,,,,,,,,,,,,,,,,,,,,,,,,,,,,,,,,,,,,,,,,,,,,,,,,,,,,,,,,,,,,,,,,,,,,,,,,,,,,,,,,,,,,,,,,,,,,,,,,,,,,,,,,,,,,,,,,,,,,,,,,,,,,,,,,,,,,,,,,,,,,,,,,,,,,,,,,,,,,,,,,,,,,,,,,,,,,,,,,,,,,,,,,,,,,,,,,,,,,,,,,,,,,,,,,,,,,,,,,,,,,,,,,,,,,,,,,,,,,,,,,,,,,,,,,,,,,,,,,,,,,,,,,,,,,,,,,,,,,,,,,,,,,,,,,,,,,,,,,,,,,,,,,,,,,,,,,,,,,,,,,,,,,,,,,,,,,,,,,,,,,,,,,,,,,,,,,,,,,,,,,,,,,,,,,,,,,,,,,,,,,,,,,,,,,,,,,,,,,,,,,,,,,,,,,,,,,,,,,,,,,,,,,,,,,,,,,,,,,,,,,,,,,,,,,,,,,,,,,,,,,,,,,,,,,,
file:/home/kai/Desktop/grad_school/marmic/master_thesis/kblumberg_masters_thesis/datastore/build_datastore/ice_algal_chlorophyll_fyi.csvTexturehttp://purl.obolibrary.org/obo/ENVO_03000071,granular,mixed,mixed,granular,granular,granular,granular,granular,columnar,granular,mixed,mixed,mixed,granular,granular,columnar,,,,,,,,,,,,,,,,,,,,,,,,,,,,,,,,,,,,,,,,,,,,,,,,,,,,,,,,,,,,,,,,,,,,,,,,,,,,,,,,,,,,,,,,,,,,,,,,,,,,,,,,,,,,,,,,,,,,,,,,,,,,,,,,,,,,,,,,,,,,,,,,,,,,,,,,,,,,,,,,,,,,,,,,,,,,,,,,,,,,,,,,,,,,,,,,,,,,,,,,,,,,,,,,,,,,,,,,,,,,,,,,,,,,,,,,,,,,,,,,,,,,,,,,,,,,,,,,,,,,,,,,,,,,,,,,,,,,,,,,,,,,,,,,,,,,,,,,,,,,,,,,,,,,,,,,,,,,,,,,,,,,,,,,,,,,,,,,,,,,,,,,,,,,,,,,,,,,,,,,,,,,,,,,,,,,,,,,,,,,,,,,,,,,,,,,,,,,,,,,,,,,,,,,,,,,,,,,,,,,,,,,,,,,,,,,,,,,,,,,,,,,,,,,,,,,,,,,,,,,,,,,,,,,,,,,,,,,,,,,,,,,,,,,,,,,,,,,,,,,,,,,,,,,,,,,,,,,,,,,,,,,,,,,,,,,,,,,,,,,,,,,,,,,,,,,,,,,,,,,
file:/home/kai/Desktop/grad_school/marmic/master_thesis/kblumberg_masters_thesis/datastore/build_datastore/ice_algal_chlorophyll_fyi.csvIceOrSnowDepthhttp://purl.obolibrary.org/obo/ENVO_03000071,0.85,0.25,0.45,1.35,1.25,0.95,0.65,1.15,1.55,0.75,0.55,0.35,0.15,1.05,0.05,1.45,,,,,,,,,,,,,,,,,,,,,,,,,,,,,,,,,,,,,,,,,,,,,,,,,,,,,,,,,,,,,,,,,,,,,,,,,,,,,,,,,,,,,,,,,,,,,,,,,,,,,,,,,,,,,,,,,,,,,,,,,,,,,,,,,,,,,,,,,,,,,,,,,,,,,,,,,,,,,,,,,,,,,,,,,,,,,,,,,,,,,,,,,,,,,,,,,,,,,,,,,,,,,,,,,,,,,,,,,,,,,,,,,,,,,,,,,,,,,,,,,,,,,,,,,,,,,,,,,,,,,,,,,,,,,,,,,,,,,,,,,,,,,,,,,,,,,,,,,,,,,,,,,,,,,,,,,,,,,,,,,,,,,,,,,,,,,,,,,,,,,,,,,,,,,,,,,,,,,,,,,,,,,,,,,,,,,,,,,,,,,,,,,,,,,,,,,,,,,,,,,,,,,,,,,,,,,,,,,,,,,,,,,,,,,,,,,,,,,,,,,,,,,,,,,,,,,,,,,,,,,,,,,,,,,,,,,,,,,,,,,,,,,,,,,,,,,,,,,,,,,,,,,,,,,,,,,,,,,,,,,,,,,,,,,,,,,,,,,,,,,,,,,,,,,,,,,,,,,,,,
file:/home/kai/Desktop/grad_school/marmic/master_thesis/kblumberg_masters_thesis/datastore/build_datastore/ice_algal_chlorophyll_fyi.csvArealChlorophyllAhttp://purl.obolibrary.org/obo/CHEBI_18230_http://purl.obolibrary.org/obo/ENVO_00002149,0.0074,0.0093,0.0072,0.0342,0.0479,0.0063,0.0052,0.0106,0.0232,0.0062,0.0061,0.0075,0.006,0.0052,0.0111,0.0275,0.0074,0.0093,0.0072,0.0342,0.0479,0.0063,0.0052,0.0106,0.0232,0.0062,0.0061,0.0075,0.006,0.0052,0.0111,0.0275,,,,,,,,,,,,,,,,,,,,,,,,,,,,,,,,,,,,,,,,,,,,,,,,,,,,,,,,,,,,,,,,,,,,,,,,,,,,,,,,,,,,,,,,,,,,,,,,,,,,,,,,,,,,,,,,,,,,,,,,,,,,,,,,,,,,,,,,,,,,,,,,,,,,,,,,,,,,,,,,,,,,,,,,,,,,,,,,,,,,,,,,,,,,,,,,,,,,,,,,,,,,,,,,,,,,,,,,,,,,,,,,,,,,,,,,,,,,,,,,,,,,,,,,,,,,,,,,,,,,,,,,,,,,,,,,,,,,,,,,,,,,,,,,,,,,,,,,,,,,,,,,,,,,,,,,,,,,,,,,,,,,,,,,,,,,,,,,,,,,,,,,,,,,,,,,,,,,,,,,,,,,,,,,,,,,,,,,,,,,,,,,,,,,,,,,,,,,,,,,,,,,,,,,,,,,,,,,,,,,,,,,,,,,,,,,,,,,,,,,,,,,,,,,,,,,,,,,,,,,,,,,,,,,,,,,,,,,,,,,,,,,,,,,,,,,,,,,,,,,,,,,,,,,,,,,,,,,,,,,,,,,,,,,,,,,,,,,,,,,,,,,
file:/home/kai/Desktop/grad_school/marmic/master_thesis/kblumberg_masters_thesis/datastore/build_datastore/inorganic_nutrients.csvElevationhttp://purl.obolibrary.org/obo/ENVO_00001999,-2317,-2317,-1254,-2552,-2317,-1254,-2552,-2552,-2735,-2552,-2317,-2735,-2735,-1254,-1254,-2735,-2317,-2317,-2552,-2317,-2317,-1254,-2764,-2552,-2552,-2317,-2764,-2764,-2317,-2552,-2317,-2764,-1254,-2764,-2317,-2552,-2764,-1254,-1254,-2552,-1254,-1254,-2735,-2764,-2552,-2764,,,,,,,,,,,,,,,,,,,,,,,,,,,,,,,,,,,,,,,,,,,,,,,,,,,,,,,,,,,,,,,,,,,,,,,,,,,,,,,,,,,,,,,,,,,,,,,,,,,,,,,,,,,,,,,,,,,,,,,,,,,,,,,,,,,,,,,,,,,,,,,,,,,,,,,,,,,,,,,,,,,,,,,,,,,,,,,,,,,,,,,,,,,,,,,,,,,,,,,,,,,,,,,,,,,,,,,,,,,,,,,,,,,,,,,,,,,,,,,,,,,,,,,,,,,,,,,,,,,,,,,,,,,,,,,,,,,,,,,,,,,,,,,,,,,,,,,,,,,,,,,,,,,,,,,,,,,,,,,,,,,,,,,,,,,,,,,,,,,,,,,,,,,,,,,,,,,,,,,,,,,,,,,,,,,,,,,,,,,,,,,,,,,,,,,,,,,,,,,,,,,,,,,,,,,,,,,,,,,,,,,,,,,,,,,,,,,,,,,,,,,,,,,,,,,,,,,,,,,,,,,,,,,,,,,,,,,,,,,,,,,,,,,,,,,,,,,,,,,,,,,,,,,,,,,,,,,,,,,,,,,,,,,,,,
file:/home/kai/Desktop/grad_school/marmic/master_thesis/kblumberg_masters_thesis/datastore/build_datastore/physical_oceanography.csvWaterDepthhttp://purl.obolibrary.org/obo/ENVO_00001999,2269.4,2450.8,147.2,2269.4,1202.7,2451.2,1201.4,2450.8,522.1,1201,2449.9,150.6,2451.7,1201.3,1201.4,2451.7,149.7,2269.4,2269.4,1201.5,2269.4,522.1,2450.4,522.1,2269.4,2450.4,2450.8,1201.8,522.1,2269.4,522.1,522.1,2451.6,1203,2451.3,2449.9,151.1,2450,2449.9,2449.9,2450.5,2269.4,1203.4,2450,2450.2,522.1,1202.2,2451.1,146.4,146.3,2269.4,1203.6,146.9,522.1,147,2451.1,2450.2,522.1,2269.4,1201.7,522.1,2450.9,2451.7,1201,2450.5,147.4,148.1,149.2,2450.2,522.1,2450,522.1,522.1,149,2269.4,2269.4,2269.4,2451.1,2450.8,1201.1,2449.8,2451.5,147.1,2451.5,522.1,148.3,522.1,2269.4,1203.7,2449.8,1202.1,2269.4,146.5,2451.3,1201.3,2450.5,148.3,147.5,150.8,,,,,,,,,,,,,,,,,,,,,,,,,,,,,,,,,,,,,,,,,,,,,,,,,,,,,,,,,,,,,,,,,,,,,,,,,,,,,,,,,,,,,,,,,,,,,,,,,,,,,,,,,,,,,,,,,,,,,,,,,,,,,,,,,,,,,,,,,,,,,,,,,,,,,,,,,,,,,,,,,,,,,,,,,,,,,,,,,,,,,,,,,,,,,,,,,,,,,,,,,,,,,,,,,,,,,,,,,,,,,,,,,,,,,,,,,,,,,,,,,,,,,,,,,,,,,,,,,,,,,,,,,,,,,,,,,,,,,,,,,,,,,,,,,,,,,,,,,,,,,,,,,,,,,,,,,,,,,,,,,,,,,,,,,,,,,,,,,,,,,,,,,,,,,,,,,,,,,,,,,,,,,,,,,,,,,,,,,,,,,,,,,,,,,,,,,,,,,,,,,,,,,,,,,,,,,,,,,,,,,,,,,,,,,,,,,,,,,,,,,,,,,,,,,,,,,,,,,,,,,,,,,,,,,,,,,,,,,
file:/home/kai/Desktop/grad_school/marmic/master_thesis/kblumberg_masters_thesis/datastore/build_datastore/inorganic_nutrients.csvWaterDepthhttp://purl.obolibrary.org/obo/ENVO_00001999,1000,2299,250,200,1500,1000,30,3,1500,2338,60,2000,2725,20,60,1000,10,250,500,100,40,12,3,10,40,500,200,40,2000,60,25,60,38,18,3,1000,500,100,500,2538,1,1234,2525,100,100,10,,,,,,,,,,,,,,,,,,,,,,,,,,,,,,,,,,,,,,,,,,,,,,,,,,,,,,,,,,,,,,,,,,,,,,,,,,,,,,,,,,,,,,,,,,,,,,,,,,,,,,,,,,,,,,,,,,,,,,,,,,,,,,,,,,,,,,,,,,,,,,,,,,,,,,,,,,,,,,,,,,,,,,,,,,,,,,,,,,,,,,,,,,,,,,,,,,,,,,,,,,,,,,,,,,,,,,,,,,,,,,,,,,,,,,,,,,,,,,,,,,,,,,,,,,,,,,,,,,,,,,,,,,,,,,,,,,,,,,,,,,,,,,,,,,,,,,,,,,,,,,,,,,,,,,,,,,,,,,,,,,,,,,,,,,,,,,,,,,,,,,,,,,,,,,,,,,,,,,,,,,,,,,,,,,,,,,,,,,,,,,,,,,,,,,,,,,,,,,,,,,,,,,,,,,,,,,,,,,,,,,,,,,,,,,,,,,,,,,,,,,,,,,,,,,,,,,,,,,,,,,,,,,,,,,,,,,,,,,,,,,,,,,,,,,,,,,,,,,,,,,,,,,,,,,,,,,,,,,,,,,,,,,,,,,
file:/home/kai/Desktop/grad_school/marmic/master_thesis/kblumberg_masters_thesis/datastore/build_datastore/physical_oceanography.csvPressurehttp://purl.obolibrary.org/obo/ENVO_00001999,2306.2,2491.6,148.8,2306.2,1219.1,2492,1217.7,2491.6,528.3,1217.4,2490.7,152.3,2492.5,1217.7,1217.7,2492.5,151.4,2306.2,2306.2,1217.8,2306.2,528.3,2491.1,528.3,2306.2,2491.1,2491.6,1218.2,528.3,2306.2,528.3,528.3,2492.4,1219.4,2492.1,2490.6,152.8,2490.8,2490.7,2490.6,2491.3,2306.2,1219.8,2490.8,2491,528.3,1218.5,2491.9,148,147.9,2306.2,1220,148.5,528.3,148.6,2491.9,2490.9,528.3,2306.2,1218,528.3,2491.7,2492.5,1217.3,2491.2,149,149.8,150.9,2491,528.3,2490.8,528.3,528.3,150.6,2306.2,2306.2,2306.2,2491.9,2491.5,1217.4,2490.6,2492.3,148.7,2492.3,528.3,150,528.3,2306.2,1220.1,2490.6,1218.5,2306.2,148.1,2492.1,1217.6,2491.3,150,149.2,152.5,,,,,,,,,,,,,,,,,,,,,,,,,,,,,,,,,,,,,,,,,,,,,,,,,,,,,,,,,,,,,,,,,,,,,,,,,,,,,,,,,,,,,,,,,,,,,,,,,,,,,,,,,,,,,,,,,,,,,,,,,,,,,,,,,,,,,,,,,,,,,,,,,,,,,,,,,,,,,,,,,,,,,,,,,,,,,,,,,,,,,,,,,,,,,,,,,,,,,,,,,,,,,,,,,,,,,,,,,,,,,,,,,,,,,,,,,,,,,,,,,,,,,,,,,,,,,,,,,,,,,,,,,,,,,,,,,,,,,,,,,,,,,,,,,,,,,,,,,,,,,,,,,,,,,,,,,,,,,,,,,,,,,,,,,,,,,,,,,,,,,,,,,,,,,,,,,,,,,,,,,,,,,,,,,,,,,,,,,,,,,,,,,,,,,,,,,,,,,,,,,,,,,,,,,,,,,,,,,,,,,,,,,,,,,,,,,,,,,,,,,,,,,,,,,,,,,,,,,,,,,,,,,,,,,,,,,,,,,
file:/home/kai/Desktop/grad_school/marmic/master_thesis/kblumberg_masters_thesis/datastore/build_datastore/global_chlorophyll_a.csvHaptophyteChlorophyllAhttp://purl.obolibrary.org/obo/CHEBI_18230,0.0052,0.2459,0.2712,0.1468,0.1238,0.0933,0.0129,0.22,0.1484,0.0119,0.0218,0.2148,0.1513,0.3729,0.1796,0.0994,0.8267,0.2594,0.0188,0.1214,0.4056,0.2927,0.1934,0.2926,0.0497,0.1075,0.7833,0.0547,0.141,0.098,0.3615,0.2395,0.1995,0.0621,0.1188,0.098,0.0793,0.0222,0.3595,0.2994,0.2226,0.0373,0.462,0.081,0.0913,0.1396,0.0286,0.3159,0.1849,0.0274,0.4448,0.188,0.0419,0.1173,0.5717,0.0066,0.1755,0.0306,0.2715,0.11,0.021,0.2284,0.1313,0.0189,0.026,0.0628,0.3233,0.1196,0.3001,0.0834,0.1431,0.3066,0.2309,0.1795,0.1158,0.3765,0.4533,1.1754,0.0384,0.1662,0.1044,0.0111,0.261,0.021,0.1857,0.1153,0.0269,0.0342,0.0844,0.0914,0.7318,0.0135,0.0812,0.1298,0.0345,0.0288,0.0948,0.1529,0.3637,0.0067,0.2854,0.3298,0.4028,0.1023,0.3499,0.0525,0.0425,0.4162,0.1108,0.2909,0.2081,0.0859,0.5566,0.1593,0.2194,0.3505,0.0064,0.5332,0.2368,0.5208,0.1275,0.0507,0.0825,0.0107,0.1058,0.1227,0.0762,0.4703,0.4703,0.0188,0.1821,0.2095,0.3406,0.0266,0.0424,0.202,0.1364,0.5282,0.0227,0.0187,0.0283,0.1879,0.0575,0.2264,0.011,0.1198,0.2564,1.086,0.347,0.0758,0.0813,0.1811,0.15,0.2858,0.4013,0.1765,0.1152,0.1853,0.0224,0.2461,0.1072,0.0649,0.1059,0.4006,0.1606,0.2207,0.0474,0.1567,0.0304,0.0899,0.0322,0.0639,0.1081,0.0132,0.8927,0.428,0.1219,0.0135,0.7231,0.041,0.0809,0.007,0.0463,0.488,0.0604,0.4041,0.2485,0.124,0.1358,0.0059,0.1808,0.0386,0.2335,0.244,0.0482,0.2314,0.0472,0.0458,0.1478,0.0264,0.2246,0.0319,0.1733,0.0512,0.2924,0.0075,0.0537,0.0178,0.307,0.095,0.2256,0.0052,0.2499,0.329,0.0632,0.4851,0.2757,0.6272,0.1279,0.0189,0.019,0.3676,0.166,0.0164,0.2156,0.1701,0.4012,0.0793,0.0695,0.2754,0.0118,0.1092,0.7587,0.0517,0.0067,0.6577,0.0303,0.2665,0.3324,0.0564,0.0311,0.0231,0.2565,0.0973,0.1558,0.0473,0.1436,0.9547,0.0123,0.164,0.2651,0.2291,0.1285,0.22,0.0533,0.1942,0.0997,0.2493,0.4747,0.2261,0.0235,0.0059,0.1135,0.0335,0.1361,0.0647,0.1249,0.0125,0.0185,0.1032,0.0246,0.3037,0.238,0.0133,0.3209,0.0403,0.0867,0.0297,0.1916,0.2324,0.1388,0.1179,0.4516,0.0314,0.2311,0.2698,0.5443,0.2165,,,,,,,,,,,,,,,,,,,,,,,,,,,,,,,,,,,,,,,,,,,,,,,,,,,,,,,,,,,,,,,,,,,,,,,,,,,,,,,,,,,,,,,,,,,,,,,,,,,,,,,,,,,,,,,,,,,,,,,,,,,,,,,,,,,,,,,,,,,,,,,,,,,,,,,,,,,,,,,,,,,,,,,,,,,,,,,,,,,,,,,,,,,,,,,,,,,,,,,,,,,,,,,,,,,,,,,,,,,,,,,,,,,,,,,,,,,,,,,,,,,,,,,,,,,,,,,,,,,,,,,,,,,,,,,,,,,,,,,,,,,,,,,,
file:/home/kai/Desktop/grad_school/marmic/master_thesis/kblumberg_masters_thesis/datastore/build_datastore/ice_algal_chlorophyll_fyi.csvSeaIceTypePortionhttp://purl.obolibrary.org/obo/ENVO_03000071,first-year sea ice (FYI),first-year sea ice (FYI),first-year sea ice (FYI),first-year sea ice (FYI),first-year sea ice (FYI),first-year sea ice (FYI),first-year sea ice (FYI),first-year sea ice (FYI),first-year sea ice (FYI),first-year sea ice (FYI),first-year sea ice (FYI),first-year sea ice (FYI),first-year sea ice (FYI),first-year sea ice (FYI),first-year sea ice (FYI),first-year sea ice (FYI),,,,,,,,,,,,,,,,,,,,,,,,,,,,,,,,,,,,,,,,,,,,,,,,,,,,,,,,,,,,,,,,,,,,,,,,,,,,,,,,,,,,,,,,,,,,,,,,,,,,,,,,,,,,,,,,,,,,,,,,,,,,,,,,,,,,,,,,,,,,,,,,,,,,,,,,,,,,,,,,,,,,,,,,,,,,,,,,,,,,,,,,,,,,,,,,,,,,,,,,,,,,,,,,,,,,,,,,,,,,,,,,,,,,,,,,,,,,,,,,,,,,,,,,,,,,,,,,,,,,,,,,,,,,,,,,,,,,,,,,,,,,,,,,,,,,,,,,,,,,,,,,,,,,,,,,,,,,,,,,,,,,,,,,,,,,,,,,,,,,,,,,,,,,,,,,,,,,,,,,,,,,,,,,,,,,,,,,,,,,,,,,,,,,,,,,,,,,,,,,,,,,,,,,,,,,,,,,,,,,,,,,,,,,,,,,,,,,,,,,,,,,,,,,,,,,,,,,,,,,,,,,,,,,,,,,,,,,,,,,,,,,,,,,,,,,,,,,,,,,,,,,,,,,,,,,,,,,,,,,,,,,,,,,,,,,,,,,,,,,,,,,,,,,,,,,,,,,,,,,
file:/home/kai/Desktop/grad_school/marmic/master_thesis/kblumberg_masters_thesis/datastore/build_datastore/physical_oceanography.csvSalinityhttp://purl.obolibrary.org/obo/ENVO_00002149,34.923,34.889,34.923,34.923,34.952,34.924,34.924,34.959,34.923,34.924,34.923,34.98,34.923,34.9,34.938,34.94,34.953,34.923,34.923,34.924,34.948,34.939,34.937,34.821,34.923,34.923,34.923,34.958,34.923,34.963,34.955,34.923,34.835,34.829,34.964,,,,,,,,,,,,,,,,,,,,,,,,,,,,,,,,,,,,,,,,,,,,,,,,,,,,,,,,,,,,,,,,,,,,,,,,,,,,,,,,,,,,,,,,,,,,,,,,,,,,,,,,,,,,,,,,,,,,,,,,,,,,,,,,,,,,,,,,,,,,,,,,,,,,,,,,,,,,,,,,,,,,,,,,,,,,,,,,,,,,,,,,,,,,,,,,,,,,,,,,,,,,,,,,,,,,,,,,,,,,,,,,,,,,,,,,,,,,,,,,,,,,,,,,,,,,,,,,,,,,,,,,,,,,,,,,,,,,,,,,,,,,,,,,,,,,,,,,,,,,,,,,,,,,,,,,,,,,,,,,,,,,,,,,,,,,,,,,,,,,,,,,,,,,,,,,,,,,,,,,,,,,,,,,,,,,,,,,,,,,,,,,,,,,,,,,,,,,,,,,,,,,,,,,,,,,,,,,,,,,,,,,,,,,,,,,,,,,,,,,,,,,,,,,,,,,,,,,,,,,,,,,,,,,,,,,,,,,,,,,,,,,,,,,,,,,,,,,,,,,,,,,,,,,,,,,,,,,,,,,,,,,,,,,,,,,,,,,,,,,,
file:/home/kai/Desktop/grad_school/marmic/master_thesis/kblumberg_masters_thesis/datastore/build_datastore/ice_algal_chlorophyll_fyi.csvChlorophyllAConcentrationhttp://purl.obolibrary.org/obo/CHEBI_18230_http://purl.obolibrary.org/obo/ENVO_00002149,0.074,0.0927,0.0716,0.3418,0.479,0.0627,0.0522,0.1064,0.2315,0.0619,0.0608,0.0746,0.0603,0.0518,0.111,0.2747,0.074,0.0927,0.0716,0.3418,0.479,0.0627,0.0522,0.1064,0.2315,0.0619,0.0608,0.0746,0.0603,0.0518,0.111,0.2747,,,,,,,,,,,,,,,,,,,,,,,,,,,,,,,,,,,,,,,,,,,,,,,,,,,,,,,,,,,,,,,,,,,,,,,,,,,,,,,,,,,,,,,,,,,,,,,,,,,,,,,,,,,,,,,,,,,,,,,,,,,,,,,,,,,,,,,,,,,,,,,,,,,,,,,,,,,,,,,,,,,,,,,,,,,,,,,,,,,,,,,,,,,,,,,,,,,,,,,,,,,,,,,,,,,,,,,,,,,,,,,,,,,,,,,,,,,,,,,,,,,,,,,,,,,,,,,,,,,,,,,,,,,,,,,,,,,,,,,,,,,,,,,,,,,,,,,,,,,,,,,,,,,,,,,,,,,,,,,,,,,,,,,,,,,,,,,,,,,,,,,,,,,,,,,,,,,,,,,,,,,,,,,,,,,,,,,,,,,,,,,,,,,,,,,,,,,,,,,,,,,,,,,,,,,,,,,,,,,,,,,,,,,,,,,,,,,,,,,,,,,,,,,,,,,,,,,,,,,,,,,,,,,,,,,,,,,,,,,,,,,,,,,,,,,,,,,,,,,,,,,,,,,,,,,,,,,,,,,,,,,,,,,,,,,,,,,,,,,,,,,,
file:/home/kai/Desktop/grad_school/marmic/master_thesis/kblumberg_masters_thesis/datastore/build_datastore/inorganic_nutrients.csvSilicatehttp://purl.obolibrary.org/obo/ENVO_00002149,8.22,13.31,5.46,5.49,11.17,12.39,3.79,2.62,11.47,12.38,5.05,12.44,13.32,4.38,4.63,8.71,3.51,5.75,6.93,4.63,4.3,4.32,2.15,2.84,4.73,6.28,5.77,3.88,12.99,4.74,4.22,4.92,4.22,2.18,3.56,9.07,5.94,5.5,7.06,12.61,3.47,14.61,12.31,4.98,5.39,2.24,,,,,,,,,,,,,,,,,,,,,,,,,,,,,,,,,,,,,,,,,,,,,,,,,,,,,,,,,,,,,,,,,,,,,,,,,,,,,,,,,,,,,,,,,,,,,,,,,,,,,,,,,,,,,,,,,,,,,,,,,,,,,,,,,,,,,,,,,,,,,,,,,,,,,,,,,,,,,,,,,,,,,,,,,,,,,,,,,,,,,,,,,,,,,,,,,,,,,,,,,,,,,,,,,,,,,,,,,,,,,,,,,,,,,,,,,,,,,,,,,,,,,,,,,,,,,,,,,,,,,,,,,,,,,,,,,,,,,,,,,,,,,,,,,,,,,,,,,,,,,,,,,,,,,,,,,,,,,,,,,,,,,,,,,,,,,,,,,,,,,,,,,,,,,,,,,,,,,,,,,,,,,,,,,,,,,,,,,,,,,,,,,,,,,,,,,,,,,,,,,,,,,,,,,,,,,,,,,,,,,,,,,,,,,,,,,,,,,,,,,,,,,,,,,,,,,,,,,,,,,,,,,,,,,,,,,,,,,,,,,,,,,,,,,,,,,,,,,,,,,,,,,,,,,,,,,,,,,,,,,,,,,,,,,,
file:/home/kai/Desktop/grad_school/marmic/master_thesis/kblumberg_masters_thesis/datastore/build_datastore/ice_algal_chlorophyll_fyi.csvMaximumIceOrSnowDepthhttp://purl.obolibrary.org/obo/ENVO_03000071,0.9,0.3,0.5,1.4,1.3,1,0.7,1.2,1.6,0.8,0.6,0.4,0.2,1.1,0.1,1.5,,,,,,,,,,,,,,,,,,,,,,,,,,,,,,,,,,,,,,,,,,,,,,,,,,,,,,,,,,,,,,,,,,,,,,,,,,,,,,,,,,,,,,,,,,,,,,,,,,,,,,,,,,,,,,,,,,,,,,,,,,,,,,,,,,,,,,,,,,,,,,,,,,,,,,,,,,,,,,,,,,,,,,,,,,,,,,,,,,,,,,,,,,,,,,,,,,,,,,,,,,,,,,,,,,,,,,,,,,,,,,,,,,,,,,,,,,,,,,,,,,,,,,,,,,,,,,,,,,,,,,,,,,,,,,,,,,,,,,,,,,,,,,,,,,,,,,,,,,,,,,,,,,,,,,,,,,,,,,,,,,,,,,,,,,,,,,,,,,,,,,,,,,,,,,,,,,,,,,,,,,,,,,,,,,,,,,,,,,,,,,,,,,,,,,,,,,,,,,,,,,,,,,,,,,,,,,,,,,,,,,,,,,,,,,,,,,,,,,,,,,,,,,,,,,,,,,,,,,,,,,,,,,,,,,,,,,,,,,,,,,,,,,,,,,,,,,,,,,,,,,,,,,,,,,,,,,,,,,,,,,,,,,,,,,,,,,,,,,,,,,,,,,,,,,,,,,,,,,,,
file:/home/kai/Desktop/grad_school/marmic/master_thesis/kblumberg_masters_thesis/datastore/build_datastore/physical_oceanography.csvTemperaturehttp://purl.obolibrary.org/obo/ENVO_00001999,-0.719,-0.744,1.88,-0.71,-0.267,-0.746,-0.265,-0.743,1.225,-0.295,-0.752,2.588,-0.746,-0.287,-0.291,-0.746,2.65,-0.737,-0.71,-0.29,-0.71,1.295,-0.754,1.39,-0.71,-0.753,-0.743,-0.277,1.295,-0.728,1.303,1.46,-0.746,-0.299,-0.746,-0.753,2.784,-0.752,-0.754,-0.751,-0.754,-0.737,-0.265,-0.754,-0.754,1.582,-0.292,-0.744,2.438,2.538,-0.737,-0.293,2.505,1.277,2.591,-0.746,-0.752,1.46,-0.71,-0.274,1.39,-0.743,-0.746,-0.291,-0.752,2.561,2.457,2.433,-0.754,1.59,-0.753,1.173,1.103,1.432,-0.71,-0.728,-0.737,-0.745,-0.744,-0.277,-0.751,-0.746,2.645,-0.746,1.181,2.692,1.234,-0.71,-0.252,-0.754,-0.271,-0.728,2.614,-0.746,-0.284,-0.754,1.567,1.45,2.678,,,,,,,,,,,,,,,,,,,,,,,,,,,,,,,,,,,,,,,,,,,,,,,,,,,,,,,,,,,,,,,,,,,,,,,,,,,,,,,,,,,,,,,,,,,,,,,,,,,,,,,,,,,,,,,,,,,,,,,,,,,,,,,,,,,,,,,,,,,,,,,,,,,,,,,,,,,,,,,,,,,,,,,,,,,,,,,,,,,,,,,,,,,,,,,,,,,,,,,,,,,,,,,,,,,,,,,,,,,,,,,,,,,,,,,,,,,,,,,,,,,,,,,,,,,,,,,,,,,,,,,,,,,,,,,,,,,,,,,,,,,,,,,,,,,,,,,,,,,,,,,,,,,,,,,,,,,,,,,,,,,,,,,,,,,,,,,,,,,,,,,,,,,,,,,,,,,,,,,,,,,,,,,,,,,,,,,,,,,,,,,,,,,,,,,,,,,,,,,,,,,,,,,,,,,,,,,,,,,,,,,,,,,,,,,,,,,,,,,,,,,,,,,,,,,,,,,,,,,,,,,,,,,,,,,,,,,,,
file:/home/kai/Desktop/grad_school/marmic/master_thesis/kblumberg_masters_thesis/datastore/build_datastore/biogenic_particle_flux.csvWaterDepthhttp://purl.obolibrary.org/obo/ENVO_00001999,300,300,300,300,300,300,300,300,300,300,300,300,300,300,300,300,300,300,,,,,,,,,,,,,,,,,,,,,,,,,,,,,,,,,,,,,,,,,,,,,,,,,,,,,,,,,,,,,,,,,,,,,,,,,,,,,,,,,,,,,,,,,,,,,,,,,,,,,,,,,,,,,,,,,,,,,,,,,,,,,,,,,,,,,,,,,,,,,,,,,,,,,,,,,,,,,,,,,,,,,,,,,,,,,,,,,,,,,,,,,,,,,,,,,,,,,,,,,,,,,,,,,,,,,,,,,,,,,,,,,,,,,,,,,,,,,,,,,,,,,,,,,,,,,,,,,,,,,,,,,,,,,,,,,,,,,,,,,,,,,,,,,,,,,,,,,,,,,,,,,,,,,,,,,,,,,,,,,,,,,,,,,,,,,,,,,,,,,,,,,,,,,,,,,,,,,,,,,,,,,,,,,,,,,,,,,,,,,,,,,,,,,,,,,,,,,,,,,,,,,,,,,,,,,,,,,,,,,,,,,,,,,,,,,,,,,,,,,,,,,,,,,,,,,,,,,,,,,,,,,,,,,,,,,,,,,,,,,,,,,,,,,,,,,,,,,,,,,,,,,,,,,,,,,,,,,,,,,,,,,,,,,,,,,,,,,,,,,,,,,,,,,,,,,,,,,,
file:/home/kai/Desktop/grad_school/marmic/master_thesis/kblumberg_masters_thesis/datastore/build_datastore/ice_algal_chlorophyll_myi.csvMinimumIceOrSnowDepthhttp://purl.obolibrary.org/obo/ENVO_03000073,1.13,0.93,0.53,0.23,1.53,2.13,1.43,0,1.33,1.23,1.73,0.73,0.33,0.63,0.43,1.63,0.13,1.83,1.03,2.03,0.83,1.93,,,,,,,,,,,,,,,,,,,,,,,,,,,,,,,,,,,,,,,,,,,,,,,,,,,,,,,,,,,,,,,,,,,,,,,,,,,,,,,,,,,,,,,,,,,,,,,,,,,,,,,,,,,,,,,,,,,,,,,,,,,,,,,,,,,,,,,,,,,,,,,,,,,,,,,,,,,,,,,,,,,,,,,,,,,,,,,,,,,,,,,,,,,,,,,,,,,,,,,,,,,,,,,,,,,,,,,,,,,,,,,,,,,,,,,,,,,,,,,,,,,,,,,,,,,,,,,,,,,,,,,,,,,,,,,,,,,,,,,,,,,,,,,,,,,,,,,,,,,,,,,,,,,,,,,,,,,,,,,,,,,,,,,,,,,,,,,,,,,,,,,,,,,,,,,,,,,,,,,,,,,,,,,,,,,,,,,,,,,,,,,,,,,,,,,,,,,,,,,,,,,,,,,,,,,,,,,,,,,,,,,,,,,,,,,,,,,,,,,,,,,,,,,,,,,,,,,,,,,,,,,,,,,,,,,,,,,,,,,,,,,,,,,,,,,,,,,,,,,,,,,,,,,,,,,,,,,,,,,,,,,,,,,,,,,,,,,,,,,,,,,,,,,,,,,,,,
file:/home/kai/Desktop/grad_school/marmic/master_thesis/kblumberg_masters_thesis/datastore/build_datastore/snow_height.csvIceTemperaturehttp://purl.obolibrary.org/obo/ENVO_00002200,-5.2,-4.7,-5.1,-5.1,-6.4,-5.6,-6.9,-6.7,-6.7,-6.8,-7.2,-5,-6.7,-4.8,-4.8,-4.7,-5.4,-4.9,-4.6,-6.3,-4.8,-5.5,-4.9,-5.7,-5.6,-4.7,-4.9,-4.8,-4.8,-7,-4.7,-5.3,-4.9,-4.7,-5.9,-7.1,-6.2,-5.9,-4.7,-4.7,-7.1,-5.4,-6.5,-5.5,-5,-4.7,-5.4,-4.7,-4.7,-4.6,-7.2,-5.2,-5.5,-4.7,-5,-6.5,-6.9,-6.1,-6.6,-5.8,-6,-5.3,-6.5,-6.9,-5,-4.7,-7.2,-4.7,-4.8,-5.8,-5.2,-4.7,-4.7,-6.6,-6.4,-4.7,-4.6,-7.1,-5.6,-6.3,-5,-5.8,-6.1,-4.9,-7,-4.6,-4.7,-5.7,-5.1,-4.7,-4.7,-4.7,-4.6,-5.1,-6.8,-6.2,-4.7,-5.3,-6,-7,,,,,,,,,,,,,,,,,,,,,,,,,,,,,,,,,,,,,,,,,,,,,,,,,,,,,,,,,,,,,,,,,,,,,,,,,,,,,,,,,,,,,,,,,,,,,,,,,,,,,,,,,,,,,,,,,,,,,,,,,,,,,,,,,,,,,,,,,,,,,,,,,,,,,,,,,,,,,,,,,,,,,,,,,,,,,,,,,,,,,,,,,,,,,,,,,,,,,,,,,,,,,,,,,,,,,,,,,,,,,,,,,,,,,,,,,,,,,,,,,,,,,,,,,,,,,,,,,,,,,,,,,,,,,,,,,,,,,,,,,,,,,,,,,,,,,,,,,,,,,,,,,,,,,,,,,,,,,,,,,,,,,,,,,,,,,,,,,,,,,,,,,,,,,,,,,,,,,,,,,,,,,,,,,,,,,,,,,,,,,,,,,,,,,,,,,,,,,,,,,,,,,,,,,,,,,,,,,,,,,,,,,,,,,,,,,,,,,,,,,,,,,,,,,,,,,,,,,,,,,,,,,,,,,,,,,,,,
file:/home/kai/Desktop/grad_school/marmic/master_thesis/kblumberg_masters_thesis/datastore/build_datastore/influence_snow_depth.csvSeaIceThicknesshttp://purl.obolibrary.org/obo/ENVO_00002200,0.789,0.791,0.787,0.787,0.787,0.785,0.787,0.786,0.791,0.789,0.785,0.782,0.786,0.783,0.788,0.787,0.789,0.786,0.786,0.786,0.784,0.787,0.785,0.786,0.785,0.786,0.784,0.781,0.782,0.787,0.787,0.781,0.784,0.782,0.784,0.783,0.783,0.783,0.785,0.789,,,,,,,,,,,,,,,,,,,,,,,,,,,,,,,,,,,,,,,,,,,,,,,,,,,,,,,,,,,,,,,,,,,,,,,,,,,,,,,,,,,,,,,,,,,,,,,,,,,,,,,,,,,,,,,,,,,,,,,,,,,,,,,,,,,,,,,,,,,,,,,,,,,,,,,,,,,,,,,,,,,,,,,,,,,,,,,,,,,,,,,,,,,,,,,,,,,,,,,,,,,,,,,,,,,,,,,,,,,,,,,,,,,,,,,,,,,,,,,,,,,,,,,,,,,,,,,,,,,,,,,,,,,,,,,,,,,,,,,,,,,,,,,,,,,,,,,,,,,,,,,,,,,,,,,,,,,,,,,,,,,,,,,,,,,,,,,,,,,,,,,,,,,,,,,,,,,,,,,,,,,,,,,,,,,,,,,,,,,,,,,,,,,,,,,,,,,,,,,,,,,,,,,,,,,,,,,,,,,,,,,,,,,,,,,,,,,,,,,,,,,,,,,,,,,,,,,,,,,,,,,,,,,,,,,,,,,,,,,,,,,,,,,,,,,,,,,,,,,,,,,,,,,,,,,,,,,,,,,,,,,,,,,,,,,,,,,,
file:/home/kai/Desktop/grad_school/marmic/master_thesis/kblumberg_masters_thesis/datastore/build_datastore/ice_algal_chlorophyll_myi.csvIceOrSnowTemperaturehttp://purl.obolibrary.org/obo/ENVO_03000073,-6.031,-6.89,-8.608,-9.897,-4.312,-1.735,-4.742,-10.821,-5.172,-5.601,-3.453,-7.749,-9.468,-8.179,-9.038,-3.883,-10.327,-3.024,-6.46,-2.164,-7.32,-2.594,,,,,,,,,,,,,,,,,,,,,,,,,,,,,,,,,,,,,,,,,,,,,,,,,,,,,,,,,,,,,,,,,,,,,,,,,,,,,,,,,,,,,,,,,,,,,,,,,,,,,,,,,,,,,,,,,,,,,,,,,,,,,,,,,,,,,,,,,,,,,,,,,,,,,,,,,,,,,,,,,,,,,,,,,,,,,,,,,,,,,,,,,,,,,,,,,,,,,,,,,,,,,,,,,,,,,,,,,,,,,,,,,,,,,,,,,,,,,,,,,,,,,,,,,,,,,,,,,,,,,,,,,,,,,,,,,,,,,,,,,,,,,,,,,,,,,,,,,,,,,,,,,,,,,,,,,,,,,,,,,,,,,,,,,,,,,,,,,,,,,,,,,,,,,,,,,,,,,,,,,,,,,,,,,,,,,,,,,,,,,,,,,,,,,,,,,,,,,,,,,,,,,,,,,,,,,,,,,,,,,,,,,,,,,,,,,,,,,,,,,,,,,,,,,,,,,,,,,,,,,,,,,,,,,,,,,,,,,,,,,,,,,,,,,,,,,,,,,,,,,,,,,,,,,,,,,,,,,,,,,,,,,,,,,,,,,,,,,,,,,,,,,,,,,,,,,,
file:/home/kai/Desktop/grad_school/marmic/master_thesis/kblumberg_masters_thesis/datastore/build_datastore/influence_snow_depth.csvRelativeDistanceXhttp://purl.obolibrary.org/obo/ENVO_00002200,-77.83,-76.6,-76.43,-76.9,-77.75,-77.33,-76.68,-77.84,-77.8,-77.86,-77.86,-77.83,-77.86,-77.84,-77.87,-77.88,-77.38,-76.29,-77.42,-77.87,-77.86,-77.82,-77.82,-77.86,-77.84,-77.15,-76.22,-77.08,-76.53,-76.36,-77.66,-77.61,-77.27,-77.83,-77.81,-77.56,-76.73,-76.71,-77.87,-77.87,-76.78,-76.5,-76.55,-77.81,-76.62,-77.87,-77.21,-76.57,-76.64,-77.85,-77.47,-77.88,-76.96,-76.84,-77.88,-76.66,-77.52,-77.7,-77.81,-77.02,,,,,,,,,,,,,,,,,,,,,,,,,,,,,,,,,,,,,,,,,,,,,,,,,,,,,,,,,,,,,,,,,,,,,,,,,,,,,,,,,,,,,,,,,,,,,,,,,,,,,,,,,,,,,,,,,,,,,,,,,,,,,,,,,,,,,,,,,,,,,,,,,,,,,,,,,,,,,,,,,,,,,,,,,,,,,,,,,,,,,,,,,,,,,,,,,,,,,,,,,,,,,,,,,,,,,,,,,,,,,,,,,,,,,,,,,,,,,,,,,,,,,,,,,,,,,,,,,,,,,,,,,,,,,,,,,,,,,,,,,,,,,,,,,,,,,,,,,,,,,,,,,,,,,,,,,,,,,,,,,,,,,,,,,,,,,,,,,,,,,,,,,,,,,,,,,,,,,,,,,,,,,,,,,,,,,,,,,,,,,,,,,,,,,,,,,,,,,,,,,,,,,,,,,,,,,,,,,,,,,,,,,,,,,,,,,,,,,,,,,,,,,,,,,,,,,,,,,,,,,,,,,,,,,,,,,,,,,,,,,,,,,,,,,,,,,,,,,,,,,,,,,,,,,,,,,,,,
file:/home/kai/Desktop/grad_school/marmic/master_thesis/kblumberg_masters_thesis/datastore/build_datastore/global_chlorophyll_a.csvWaterDepthhttp://purl.obolibrary.org/obo/ENVO_00001999,5,0,10,12,12,5,5,8,0,0,0,0,0,3.3,8,5,6,12,2,5,0,5,0,0,0,10,0,9.441,0,6.203,5,10.3,0,5,3.8,5,0,0,0,10,0,0,10,5,5,0,0.7,0,0,0.9,0,0,0,11.624,0,10,8,5,10,0,2.9,0,8.59,1,0.5,5,5,5,0,10,9.97,6,10,0,10.4,5,5,6,4.4,7.602,9.809,5,10,5,5,0,0,5,5,10.313,5,0,12,11.4,0.8,6,0,10,10.5,10,0,10,0,0,12,9.547,7,0,10,0,10,10,6,5,0,0,10,0,0,6,10,0,10,10,10.009,8.8,5,10,6,5,8,5,0,0,0,5,5,2.2,5.1,0,0,5,0,10,5,10,10,0,4.4,6,10.172,12,10,10,12,9.5,10,12,1.1,10.2,7.451,5,0,0,5,10,5,5,5,10,6,9.742,0,10,0,0,3,10,5,5,4.655,10,0,5,5,10,10,4.59,8.751,4.3,5.4,10.272,10.1,12,0,10,5,10.131,5,5,12,0.9,8,1,10,10,3,0,10,8.912,0,5,5,5,5,5,8,10,8.966,0,1.2,10.5,5,1.2,8,0,0,8.587,9.11,12,0,7.792,6,1.1,10,6,7.2,10,0,5,3.8,1,8,11.227,5,0,8.369,6,0,10.694,5,5,5,6.3,5.123,8,5.563,5,6,0,4.2,5,10,0,10.815,0,5,5,6,3.8,1.6,12,8,0,4.6,0,10,0,0,5,4.25,10,10,10,5,0,0,5.6,,,,,,,,,,,,,,,,,,,,,,,,,,,,,,,,,,,,,,,,,,,,,,,,,,,,,,,,,,,,,,,,,,,,,,,,,,,,,,,,,,,,,,,,,,,,,,,,,,,,,,,,,,,,,,,,,,,,,,,,,,,,,,,,,,,,,,,,,,,,,,,,,,,,,,,,,,,,,,,,,,,,,,,,,,,,,,,,,,,,,,,,,,,,,,,,,,,,,,,,,,,,,,,,,,,,,,,,,,,,,,,,,,,,,,,,,,,,,,,,,,,,,,,,,,,,,,,,,,,,,,,,,,,,,,,,,,,,,,,,,,,,,,,,
file:/home/kai/Desktop/grad_school/marmic/master_thesis/kblumberg_masters_thesis/datastore/build_datastore/inorganic_nutrients.csvAmmoniumhttp://purl.obolibrary.org/obo/ENVO_00002149,0.05,0.04,0.02,0.02,0.07,0.09,1.98,0.08,0.04,0.03,0.65,0.04,0.09,0.61,0.83,0.02,0.15,0.03,0.13,0.16,1.05,0.24,0.04,0.07,1.31,0.02,0.1,1.83,0.03,0.79,0.73,0.41,1.38,0.16,0.4,0.11,0.04,0.1,0.03,0.06,0.09,0.08,0.03,0.04,0.03,0.07,,,,,,,,,,,,,,,,,,,,,,,,,,,,,,,,,,,,,,,,,,,,,,,,,,,,,,,,,,,,,,,,,,,,,,,,,,,,,,,,,,,,,,,,,,,,,,,,,,,,,,,,,,,,,,,,,,,,,,,,,,,,,,,,,,,,,,,,,,,,,,,,,,,,,,,,,,,,,,,,,,,,,,,,,,,,,,,,,,,,,,,,,,,,,,,,,,,,,,,,,,,,,,,,,,,,,,,,,,,,,,,,,,,,,,,,,,,,,,,,,,,,,,,,,,,,,,,,,,,,,,,,,,,,,,,,,,,,,,,,,,,,,,,,,,,,,,,,,,,,,,,,,,,,,,,,,,,,,,,,,,,,,,,,,,,,,,,,,,,,,,,,,,,,,,,,,,,,,,,,,,,,,,,,,,,,,,,,,,,,,,,,,,,,,,,,,,,,,,,,,,,,,,,,,,,,,,,,,,,,,,,,,,,,,,,,,,,,,,,,,,,,,,,,,,,,,,,,,,,,,,,,,,,,,,,,,,,,,,,,,,,,,,,,,,,,,,,,,,,,,,,,,,,,,,,,,,,,,,,,,,,,,,,,,,
file:/home/kai/Desktop/grad_school/marmic/master_thesis/kblumberg_masters_thesis/datastore/build_datastore/ice_algal_chlorophyll_fyi.csvMinimumIceOrSnowDepthhttp://purl.obolibrary.org/obo/ENVO_03000071,0.8,0.2,0.4,1.3,1.2,0.9,0.6,1.1,1.5,0.7,0.5,0.3,0.1,1,0,1.4,,,,,,,,,,,,,,,,,,,,,,,,,,,,,,,,,,,,,,,,,,,,,,,,,,,,,,,,,,,,,,,,,,,,,,,,,,,,,,,,,,,,,,,,,,,,,,,,,,,,,,,,,,,,,,,,,,,,,,,,,,,,,,,,,,,,,,,,,,,,,,,,,,,,,,,,,,,,,,,,,,,,,,,,,,,,,,,,,,,,,,,,,,,,,,,,,,,,,,,,,,,,,,,,,,,,,,,,,,,,,,,,,,,,,,,,,,,,,,,,,,,,,,,,,,,,,,,,,,,,,,,,,,,,,,,,,,,,,,,,,,,,,,,,,,,,,,,,,,,,,,,,,,,,,,,,,,,,,,,,,,,,,,,,,,,,,,,,,,,,,,,,,,,,,,,,,,,,,,,,,,,,,,,,,,,,,,,,,,,,,,,,,,,,,,,,,,,,,,,,,,,,,,,,,,,,,,,,,,,,,,,,,,,,,,,,,,,,,,,,,,,,,,,,,,,,,,,,,,,,,,,,,,,,,,,,,,,,,,,,,,,,,,,,,,,,,,,,,,,,,,,,,,,,,,,,,,,,,,,,,,,,,,,,,,,,,,,,,,,,,,,,,,,,,,,,,,,,,,,,
file:/home/kai/Desktop/grad_school/marmic/master_thesis/kblumberg_masters_thesis/datastore/build_datastore/ice_algal_chlorophyll_myi.csvIceOrSnowDepthhttp://purl.obolibrary.org/obo/ENVO_03000073,1.18,0.98,0.58,0.28,1.58,2.18,1.48,0.065,1.38,1.28,1.78,0.78,0.38,0.68,0.48,1.68,0.18,1.88,1.08,2.08,0.88,1.98,,,,,,,,,,,,,,,,,,,,,,,,,,,,,,,,,,,,,,,,,,,,,,,,,,,,,,,,,,,,,,,,,,,,,,,,,,,,,,,,,,,,,,,,,,,,,,,,,,,,,,,,,,,,,,,,,,,,,,,,,,,,,,,,,,,,,,,,,,,,,,,,,,,,,,,,,,,,,,,,,,,,,,,,,,,,,,,,,,,,,,,,,,,,,,,,,,,,,,,,,,,,,,,,,,,,,,,,,,,,,,,,,,,,,,,,,,,,,,,,,,,,,,,,,,,,,,,,,,,,,,,,,,,,,,,,,,,,,,,,,,,,,,,,,,,,,,,,,,,,,,,,,,,,,,,,,,,,,,,,,,,,,,,,,,,,,,,,,,,,,,,,,,,,,,,,,,,,,,,,,,,,,,,,,,,,,,,,,,,,,,,,,,,,,,,,,,,,,,,,,,,,,,,,,,,,,,,,,,,,,,,,,,,,,,,,,,,,,,,,,,,,,,,,,,,,,,,,,,,,,,,,,,,,,,,,,,,,,,,,,,,,,,,,,,,,,,,,,,,,,,,,,,,,,,,,,,,,,,,,,,,,,,,,,,,,,,,,,,,,,,,,,,,,,,,,,,
file:/home/kai/Desktop/grad_school/marmic/master_thesis/kblumberg_masters_thesis/datastore/build_datastore/ice_algal_chlorophyll_fyi.csvSeaIceTypehttp://purl.obolibrary.org/obo/ENVO_03000071,http://purl.obolibrary.org/obo/ENVO_03000071,http://purl.obolibrary.org/obo/ENVO_03000071,http://purl.obolibrary.org/obo/ENVO_03000071,http://purl.obolibrary.org/obo/ENVO_03000071,http://purl.obolibrary.org/obo/ENVO_03000071,http://purl.obolibrary.org/obo/ENVO_03000071,http://purl.obolibrary.org/obo/ENVO_03000071,http://purl.obolibrary.org/obo/ENVO_03000071,http://purl.obolibrary.org/obo/ENVO_03000071,http://purl.obolibrary.org/obo/ENVO_03000071,http://purl.obolibrary.org/obo/ENVO_03000071,http://purl.obolibrary.org/obo/ENVO_03000071,http://purl.obolibrary.org/obo/ENVO_03000071,http://purl.obolibrary.org/obo/ENVO_03000071,http://purl.obolibrary.org/obo/ENVO_03000071,http://purl.obolibrary.org/obo/ENVO_03000071,,,,,,,,,,,,,,,,,,,,,,,,,,,,,,,,,,,,,,,,,,,,,,,,,,,,,,,,,,,,,,,,,,,,,,,,,,,,,,,,,,,,,,,,,,,,,,,,,,,,,,,,,,,,,,,,,,,,,,,,,,,,,,,,,,,,,,,,,,,,,,,,,,,,,,,,,,,,,,,,,,,,,,,,,,,,,,,,,,,,,,,,,,,,,,,,,,,,,,,,,,,,,,,,,,,,,,,,,,,,,,,,,,,,,,,,,,,,,,,,,,,,,,,,,,,,,,,,,,,,,,,,,,,,,,,,,,,,,,,,,,,,,,,,,,,,,,,,,,,,,,,,,,,,,,,,,,,,,,,,,,,,,,,,,,,,,,,,,,,,,,,,,,,,,,,,,,,,,,,,,,,,,,,,,,,,,,,,,,,,,,,,,,,,,,,,,,,,,,,,,,,,,,,,,,,,,,,,,,,,,,,,,,,,,,,,,,,,,,,,,,,,,,,,,,,,,,,,,,,,,,,,,,,,,,,,,,,,,,,,,,,,,,,,,,,,,,,,,,,,,,,,,,,,,,,,,,,,,,,,,,,,,,,,,,,,,,,,,,,,,,,,,,,,,,,,,,,,,,,,
file:/home/kai/Desktop/grad_school/marmic/master_thesis/kblumberg_masters_thesis/datastore/build_datastore/global_chlorophyll_a.csvProkaryoteChlorophyllAhttp://purl.obolibrary.org/obo/CHEBI_18230,0.0419,0.1947,0,0.0974,0.12,0,0.1193,0.0236,0.0738,0.0524,0.1461,0.0548,0.1646,0.0134,0,0,0.2348,0.0153,0.0938,0.1659,0.0441,0.2086,0.1682,0.0307,0.1969,0.0706,0.0651,0.0593,0.1429,0.1016,0.2168,0.014,0,0.1457,0.0582,0,0.1107,0.0956,0.2279,0,0.0667,0.1264,0.1202,0.0773,0.1537,0.0639,0.0126,0.2861,0.1235,0,0.2213,0.0381,0.2037,0.0133,0.0714,0.0631,0,0.1598,0.0191,0.2502,0.1231,0.0237,0.0045,0,0,0.4008,0.1404,0.025,0.0203,0.0083,0.0075,0.0405,0.0341,0.099,0.2803,0.0401,0.2809,0.1475,0.1019,0.0096,0.09,0.0973,0.2284,0.1502,0.0356,0.3156,0.082,0.0871,0.1139,0.0051,0.0285,0.0846,0.0589,1.0823,0,0.1885,0.146,0,0.0184,0.0399,0.0846,0.0102,0.131,0.1213,0.0173,0,0.1542,0.2598,0.042,0.069,0.0668,0,0.0595,0.2051,0.1143,0.1931,0.0432,0.0724,0.2866,0.0735,0.0545,0.1246,0,0.0742,0.0106,0.5029,0,0.2045,0.0637,0.168,0,0.008,0.0386,0.1739,0.1724,0.0405,0,0.0209,0.0942,0,0.1934,0,0.1773,0.2296,0.1266,0.0155,0.2403,0.5147,0,0.4588,0,0.0642,0.0346,0.2517,0.0487,0.0062,0.0411,0.0939,0,0.0164,0,0.2995,0.134,0.2964,0,0.0121,0.0224,0.1034,0.2034,0,0.3297,0,0.2576,0.1099,0.1091,0.1878,0.125,0.1322,0.1362,0.2939,0.0871,0.0427,0.1724,0.0879,0.1485,0.0174,0.1851,0.0958,0,0.0431,0.0675,0,0.0213,0.0221,0.2482,0.1875,0.2846,0,0.1573,0.123,0.1842,0,0,0,0.0153,0.099,0.1265,0.1322,0.2166,0.0054,0.1545,0.0481,0.1861,0.1247,0.2412,0.3931,0,0,0.0095,0.1268,0.0091,0.023,0.6254,0,0.018,0.0525,0.1773,0.084,0.0087,0.0519,0.1091,0.0076,0.1996,0.0247,0.046,0.1476,0.1034,0.0147,0.0354,0.1366,0.0993,0,0,0.0062,0.0366,0.1257,0.0081,0.1235,0.1004,0,0.0988,0.071,0.0954,0.0228,0.0723,0,0.0888,0.0095,0.0767,0.0156,0.0991,0.0451,0.3348,0.0304,0.0968,0.0604,0,0.0807,0.1269,0.2401,0.0281,0.037,0,0.1253,0.0206,0.13,0,0.1732,0.0576,0.0644,0.0996,0.1016,0,0.2131,0.0366,0.1269,0.0399,0.0186,,,,,,,,,,,,,,,,,,,,,,,,,,,,,,,,,,,,,,,,,,,,,,,,,,,,,,,,,,,,,,,,,,,,,,,,,,,,,,,,,,,,,,,,,,,,,,,,,,,,,,,,,,,,,,,,,,,,,,,,,,,,,,,,,,,,,,,,,,,,,,,,,,,,,,,,,,,,,,,,,,,,,,,,,,,,,,,,,,,,,,,,,,,,,,,,,,,,,,,,,,,,,,,,,,,,,,,,,,,,,,,,,,,,,,,,,,,,,,,,,,,,,,,,,,,,,,,,,,,,,,,,,,,,,,,,,,,,,,,,,,,,,,,,
file:/home/kai/Desktop/grad_school/marmic/master_thesis/kblumberg_masters_thesis/datastore/build_datastore/ice_algal_chlorophyll_myi.csvArealChlorophyllAhttp://purl.obolibrary.org/obo/CHEBI_18230_http://purl.obolibrary.org/obo/ENVO_00002149,0.0214,0.0096,0.0075,0.0154,0.0322,0.0539,0.0231,0.0036,0.021,0.0179,0.0572,0.0075,0.0162,0.0038,0.0054,0.0306,0.0173,0.0725,0.0185,0.0664,0.0114,0.0691,0.0214,0.0096,0.0075,0.0154,0.0322,0.0539,0.0231,0.0036,0.021,0.0179,0.0572,0.0075,0.0162,0.0038,0.0054,0.0306,0.0173,0.0725,0.0185,0.0664,0.0114,0.0691,,,,,,,,,,,,,,,,,,,,,,,,,,,,,,,,,,,,,,,,,,,,,,,,,,,,,,,,,,,,,,,,,,,,,,,,,,,,,,,,,,,,,,,,,,,,,,,,,,,,,,,,,,,,,,,,,,,,,,,,,,,,,,,,,,,,,,,,,,,,,,,,,,,,,,,,,,,,,,,,,,,,,,,,,,,,,,,,,,,,,,,,,,,,,,,,,,,,,,,,,,,,,,,,,,,,,,,,,,,,,,,,,,,,,,,,,,,,,,,,,,,,,,,,,,,,,,,,,,,,,,,,,,,,,,,,,,,,,,,,,,,,,,,,,,,,,,,,,,,,,,,,,,,,,,,,,,,,,,,,,,,,,,,,,,,,,,,,,,,,,,,,,,,,,,,,,,,,,,,,,,,,,,,,,,,,,,,,,,,,,,,,,,,,,,,,,,,,,,,,,,,,,,,,,,,,,,,,,,,,,,,,,,,,,,,,,,,,,,,,,,,,,,,,,,,,,,,,,,,,,,,,,,,,,,,,,,,,,,,,,,,,,,,,,,,,,,,,,,,,,,,,,,,,,,,,,,,,,,,,,,,,,,,,,,,,
